titre,auteurs,description,isbn
Hegel et l'idéalisme allemand,Jean-Louis Vieillard-Baron,"On a voulu montrer dans ce livre que, reflete a travers les miroirs differents que sont les genies philosophiques et politiques de l'epoque, l'idealisme allemand forme une incontestable unite de langage philosophique. A l'interieur de cette grande unite, ou la philosophie ne cesse de se confronter aux plus hauts problemes de l'homme, le clivage entre un idealisme transcendantal et l'idealisme speculatif apparait comme une faille profonde, en ce que la description de la finitude humaine, et par consequent la comprehension des limites de l'homme, est l'objet du premier alors que le rapport d'expression du fini a l'infini est au coeur du second. L'attitude idealiste symbolisee par Hegel a eu de nombreuses consequences. Mais les critiques qui ont ete faites aux successeurs de Hegel ne doivent pas nous faire oublier la presence de l'idealisme allemand. C'est cette presence philosophique que ce livre espere restituer.",9782711613670
La philosophie de moïse,Richard Goulet,"MATERIEL LITTERAIRE. LES TRAITES EXEGETIQUES DE PHILON D'ALEXANDRIE (1ER S. AP.J.C.) : LES TRAITS CONSERVES APPARTENANT A LA SERIE DES ALLEGORIES DES LOIS SACREES (GENESE I-XVII), AINSI QUE LES DEVELOPPEMENTS ALLEGORIQUES DE L'EXPOSITION DES LOIS ET DES QUESTIONS-REPONSES SUR LA GENESE ET SUR L'EXODE. POINT DE DEPART. LES TESTIMONIA PHILONIENS SUR L'EXISTENCE D'ALLEGORISTES JUIFS RADICAUX. OBJECTIFS. RETROUVER LES VESTIGES D'UN COMMENTAIRE ALLEGORIQUE DU PENTATEUQUE D'ORIGINE JUDEO-ALEXANDRINE UTILISE PAR PHILON DANS L'ELABORATION DE SA PROPRE ALLEGORIE. METHODE. ANALYSER SELON L'ORDRE DES VERSETS BIBLIQUES (ET NON CELUI DES TRAITES DE PHILON) LES EXEGESES MULTIPLES PROPOSEES A DIFFERENTS ENDROITS DE L'OEUVRE AFIN DE DECELER LES INCOHERENCES ET METTRE EN LUMIERE DES CONTINUITES THEMATIQUES DANS L'ALLEGORIE. RESULTATS. DECOUVERTE D'UNE SOURCE LITTERAIRE HOMOGENE: UN COMMENTAIRE CURSIF DE L'ECRITURE APPLIQUANT UNE METHODE ALLEGORIQUE RIGOUREUSE AFIN DE DEGAGER, PAR DELA LA DENONCIATION DE L'ABSURDITE OU DE L'INCONVENANCE DU SENS LITTERAL, LA PHILOSOPHIE CACHEE DE MOISE, SOURCE DE LA PENSEE DES GRECS. UNE NOUVELLE IMAGE DE PHILON: MALGRE TOUT LE MATERIEL EXEGETIQUE QU'IL EMPRUNTE A SA SOURCE, IL RESTE UN JUIF PIEUX HOSTILE A L'ALLEGORIE RADICALE ET A LA DEMYTHOLOGISATION DU JUDAISME QU'ELLE ENTENDAIT METTRE EN OEUVRE.",9782711609406
The foremost problems of contemporary dogmatics,Herman Bavinck,"Herman Bavinck on the challenges theologians face · Herman Bavinck's counsel to theologians · A unique window into Bavinck's thought · An overlooked work from a key Neo-Calvinist thinker In The Foremost Problems of Contemporary Dogmatics, Herman Bavinck identifies the primary challenges confronting Protestant theologians in the early twentieth century. Since the main difficulties do not concern specific heads of doctrine but arise in theological method, Bavinck's focus narrows to the act of faith. Bavinck demonstrates the necessity of viewing faith as knowledge rather than mere trust, recounting the development of doctrine from the biblical authors through the dawn of the twentieth century. This book provides a unique window into Bavinck's thought, as he speaks candidly about the limitations and failures of Reformed theology and the relative merits of modern thinkers. The Foremost Problems of Contemporary Dogmatics was a series of lectures delivered at the Free University shortly after Bavinck moved to Amsterdam in 1902. Edited and translated by Gert de Kok and Bruce R. Pass, these previously unpublished lectures are available for the first time in English.",9781493458004
La demande philosophique,Jacques Bouveresse,"""""La demande philosophique"" est la version intégrale de la Leçon inaugurale de la Chaire de Philosophie du Langage et de la Connaissance du Collège de France, prononcée le 6 octobre 1995.""",9782841620166
La philosophie morale et politique de charles taylor,Bernard Gagnon,"Ce livre offre une interprétation de la pensée du philosophe canadien Charles Taylor. Les différentes composantes de cette philosophie - le langage, l'identité morale, le multiculturalisme, la théorie politique, etc. - sont exposées par l'entremise d'une étude exhaustive de l'œuvre de Taylor. L'ouvrage démontre comment ces divers éléments convergent tous vers une nouvelle théorie morale et politique adaptée à notre condition contemporaine. Essence et existence sont les deux axes fondamentaux de la pensée de Taylor : d'une part, la nécessité, toujours présente aujourd'hui, de recourir à des sources morales pour atteindre nos idéaux modernes de liberté et d'authenticité et, d'autre part, le besoin d'incarner dans nos modes de vie ces idéaux moraux pour une pleine réalisation de notre identité moderne. La philosophie de Taylor comprend un versant pratique : une meilleure compréhension de soi transforme notre vision des choses et élargit nos capacités d'agir. Ce livre, par la lecture d'ensemble qu'il propose de l'œuvre de Charles Taylor, donne une compréhension substantielle de l'un des philosophes contemporains les plus influents.",9782763778662
Dieu peut-il mourir en afrique ?,METOGO Eloi Messi,Y a-t-il une heure pour poser les bonnes questions ? Est-il trop tôt pour se demander si l'Afrique noire sera toujours religieuse ? C'est ce sujet qu'aborde le présent essai sur l'indifférence religieuse et l'incroyance en Afrique noire. En coédition avec les Presses de l'UCAC.,9782811109189
Les grands textes de la philosophie pour les nuls,Marie Bretin,"Les grands textes de la philosophie à portée de tous ! Dans la continuité de La philosophie pour les Nuls, qui a rendu accessible au plus grand nombre une discipline réservée auparavant aux plus érudits, ce nouvel opus de la collection pour les Nuls met à portée de tous les grands textes de la philosophie, expliqués et commentés par l'auteur. Du mythe de la Caverne de Platon à l'existentialisme de Sartre, en passant par le Cogito de Descartes et la sagesse chinoise de Confucius, Marie-Line Bretin revient sur tous les textes clés qui ont fait l'histoire mondiale de la philosophie en apportant pour chacun d'entre eux, une mise en contexte, un extrait choisi, un éclairage de l'idée clé et des concepts abordés.",9782754084628
Science et philosophie en france et en italie entre les deux guerres,"Jean Petitot, Luca M. Scarantino","Le rationalisme italien est une figure majeure de la pensée du 20e siècle, non seulement en Italie mais également en France. Pour bien comprendre ce courant de pensée, il faut voir le rationalisme comme une tentative double, touchant à la fois la science et la philosophie. D’une part, le rationalisme tente de saisir la dimension culturelle de la science, d’autres part, il vise à élaborer une conception nouvelle, plus ouverte, de la raison philosophique. L’ouvrage s’intéresse également à l’influence exercée par la pensée italienne sur la pensée française contemporaine. Il montre également comment le rationalisme en Italie s’est ouvert à l’historicisme sans pour autant fragiliser la structure même de la raison. Des figures importantes de la pensée italienne sont abordées ici, comme celles de Giovanni Vailati, Antonio Banfi, Giulo Prezti, etc.",N/A
La guerre des mondes,H. G. Wells,"La Guerre des mondes (The War of the Worlds) est un roman de science-fiction écrit par H. G. Wells, publié en 1898. C'est une des premières oeuvres d'imagination dont le sujet est l'humanité confrontée à une race extraterrestre hostile, en plus d'être le reflet de l'angoisse de l'époque victorienne et de l'impérialisme. Le roman a été adapté en feuilletons radiophoniques (dont une version d'Orson Welles qui aurait défrayé la chronique en 19383), en jeux de rôle, en bande dessinée ainsi qu'en deux longs-métrages (le premier étant réalisé par Byron Haskin en 1953 et le second par Steven Spielberg en 2005).",9782322127214
La science-fiction pour les nuls,Jean-Louis Fetjaine,"Embarquez pour un voyage passionnant au-delà du réel ! Découvrez un genre unique, en constante évolution ! Il y a les voyages dans l'espace ou dans le temps, les vaisseaux intergalactiques et les invasions extraterrestres, les robots et les androïdes, les savants fous, les super-héros, l'intelligence artificielle et les mutants... L'univers de la science-fiction est d'une richesse sans limites ! Partez à la découverte de l'histoire de ce genre avec ses précurseurs - Jules Verne et Mary Shelley -, ses auteurs plus modernes - Kim Stanley Robinson ou Pierre Bordage -, et sous toutes ses formes : romans, BD, comics et mangas, films et jeux vidéo...",9782412053683
Science-fiction,"Everett Franklin Bleiler, Richard Bleiler","Complementing Science-Fiction: The Early Years, which surveys science-fiction published in book form from its beginnings through 1930, the present volume covers all the science-fiction printed in the genre magazines--Amazing, Astounding, and Wonder, along with offshoots and minor magazines--from 1926 through 1936. This is the first time this historically important literary phenomenon, which stands behind the enormous modern development of science-fiction, has been studied thoroughly and accurately. The heart of the book is a series of descriptions of all 1,835 stories published during this period, plus bibliographic information. Supplementing this are many useful features: detailed histories of each of the magazines, an issue by issue roster of contents, a technical analysis of the art work, brief authors' biographies, poetry and letter indexes, a theme and motif index of approximately 30,0000 entries, and general indexes. Science-Fiction: The Gernsback Years is not only indispensable for reference librarians, collectors, readers, and scholars interested in science-fiction, it is also of importance to the study of popular culture during the Great Depression in the United States. Most of its data, which are largely based on rare and almost unobtainable sources, are not available elsewhere.",9780873386043
Global science fiction,Gary Westfahl,"Science fiction represents a diverse community of writers and readers that spans the entire world. This collection provides a global tour of the genre, with essays about Latin American, European, African, Arabic, Indian, Japanese, and Chinese science fiction providing insights about how writers around the world have explored and reinvigorated the genre. Essays by prominent critics from five continents inform about particular cultures and analyze representative texts by authors such as Tobias S. Buckell, Lourenco Mutarelli, Stanislaw Lem, Masande Ntshanga, Tawfiq Al-Hakim, Anil Menon, and Cixin Liu. The contributing scholars examine how national experiences have shaped these narratives, which often differ strikingly from Anglo-American science fiction. An introductory survey of foreign-language science fiction in the United States endeavors to explain why so many of these texts have remained unknown to Anglophone readers. An extensive bibliography lists numerous resources for further study of science fiction from various parts of the world.",9781476689142
Nous sommes partout,Guy Adrian,"Alors que le monde dérivait et partait en vrille, l'arrivée des robots est apparue comme salvatrice. Mais le sera-t-elle vraiment ? En 2039, le monde a bien changé sous les coups de boutoir des mouvements citoyens écologistes contre des gouvernements toujours plus autoritaires et la présence massive des robots, remplaçants les fonctionnaires dans les services publics, les vendeurs dans les commerces, les ouvriers dans les usines... Yannick Prignat, policier de son état, s'installe chez son père André, agriculteur bientôt converti au bio, en Corrèze, la retraite venue. Ses collègues lui ont offert une sex-robote, jeune et jolie, plus vraie que nature, mais la cohabitation avec André est houleuse. Immergez-vous dans un monde bouleversé par les crises, qui tente de se reconstruire grâce aux nouvelles technologies et aux nouvelles connaissances humaines. Mais jusqu'où peut-on aller dans la technologie sans déshumaniser l'homme et la société qui l'entoure ? EXTRAIT –Pourquoi tu ne commanderais pas une autre robote à « Vraie compagne », modèle rustique, 50-60 ans, bonne ménagère, pour s’occuper de ton cher père ? Il l’appellerait Lucienne ou Georgette et même, avec celle-ci, plus Cynthia, vous pourriez monter un petit bordel rural avec chambres champêtres et grenier à foin. Ça aurait du succès, vu que les vraies femmes ont déserté vos campagnes ! –N’importe quoi, tu es vraiment cinglé ! –Pas tant que ça, figure-toi. Sous forme de clubs privés, les maisons closes reviennent en force à Paris, c’est tendance ! Finis les clubs échangistes, on revient au vieux système : accueil et salons luxueux où l’on fait son choix. Ensuite on trouve les bars et les escaliers qui montent vers les chambres confortables avec des ambiances particulières : voyages, exotisme, gadgets coquins voire S.M., tout y est comme avant 1946, un siècle déjà ! Le plus luxueux est le « 122 », ou « One Two Two » comme disaient les touristes à l’époque. Ah, oui, un petit détail : tout le personnel vénal est composé de robots ! C’est parfaitement légal, jusqu’à ce qu’une bande de pudibonds crétins décident du contraire. À PROPOS DE L'AUTEUR Tout d'abord destiné à exercer le métier de professeur des collèges, mais devenu enseignant-chercheur, formé en chimie organique, en biologie et en pharmacologie, Guy Adrian a poursuivi une carrière dans l'industrie pharmaceutique en tant que directeur de recherche, puis consultant en parcourant notre vaste monde. Après une retraite précoce, il s'est lancé dans la peinture figurative puis dans l'écriture de techno-thrillers. Résidant à Lyon,il essaye d'appliquer le précepte d'un célèbre lyonnais d'adoption : ""Fais ce que voudras !""",9791023614022
L'odyssée du cybérius,Denis Ravel,"Rejoignez l'équipage du Cybérius en 2450 pour parcourir l'univers et ses secrets, en quête d'un futur pour l'Humanité. À cette époque, les fusées porteuses ne sont plus nécessaires, la puissance des moteurs atomiques suffit à propulser les vaisseaux hors de l’espace terrestre. Le Cybérius traversa donc l’atmosphère à grande vitesse et fut hors de vue quelques secondes plus tard... À bord les membres de l’équipage seront-ils à la hauteur des dangers à surmonter pour accomplir leur mission ? Un voyage dans l'espace-temps rempli de découvertes et d'aventures qui nous invite à dépasser les frontières de notre réel... EXTRAIT La rentrée dans le champ d’astéroïdes fut fracassante, le champ visuel des trois pilotes fut tout à coup comme parsemé d’étoiles. Isis menait le vaisseau avec une parfaite maîtrise. — Comme c’est beau ! s’écria Kennedy. — On se damnerait pour un tel paysage, répondit Isis en se tournant vers Goethe, le sourire aux lèvres. Le vaisseau, souple et aérien, semblait poursuivre sa route, traçant dans l’espace le sillon de son immuable destin. Soudain, tout sembla s’anéantir et se détruire en un instant, un terrible choc éclata contre les parois du Cybérius. Les témoins lumineux et sonores se mirent en action. — Destruction et dépressurisation en zones 4, 8, 12, 14 et 16, hurla Kennedy. L’astéroïde avait fait énormément de dégâts. — Nous avons perdu trois hommes en zone 4, deux hommes en zone 8 et trois femmes en zone 16. La moitié de l’équipage homme et un tiers des femmes en état d’hibernation venaient de disparaître, emportés ou tués par le vide sidéral. Les sirènes hurlaient, à l’intérieur du vaisseau les doublures s’agitaient avec un incroyable sang-froid. CE QU'EN PENSE LA CRITIQUE Une histoire SF qui évolue dans un univers fouillé empreint de péripéties étranges et de poésie. - Irisyne, Babelio À PROPOS DE L'AUTEUR Fils d’artistes peintres, Denis Ravel a été tour à tour publicitaire, puis éditeur. Passionné par les écrivains romantiques du XIXe siècle il apprécie particulièrement Edgar Allan Poe, Gérard de Nerval, Théophile Gautier, ainsi que les romans d’aventures. Citons : Typhon de Joseph Conrad, ou encore Lord Jim, voir entre autre les aventures d’Arthur Gordon Pym. Aujourd’hui auteur d’une vingtaine de romans et de nouvelles, il aime particulièrement écrire ce qu’il appelle ses duels amoureux. Il apprécie d’intégrer une note de fantastique dans ses histoires. Croyant, il manifeste clairement sa foi dans ses écrits.",9782876836846
La guerre des mondes,Herbert George Wells,"Les fables imaginées par H.G. Wells (1866-1946), l'un des pères, peut-être le plus notable, de la science-fiction, a démontré au fil du temps qu'il maintenait une vigueur et touchait certaines sources de l'inconscient humain qui les ont souvent élevées au rang d'icônes du monde moderne. . La guerre des mondes (1898), une histoire au rythme effréné qui raconte l'invasion de la Terre par les Martiens et qui pour la première fois a conduit à l'émergence d'êtres d'autres planètes de la nôtre, a largement marqué le fantasme du XXe siècle et a ouvert un Le récif (celui du contact des hommes avec des êtres extraterrestres) qui est rapidement devenu l'un des plus importants de la science-fiction, servant d'inspiration à de nombreux artistes plus tardifs dans les domaines de la radio, du cinéma, de la littérature et de la bande dessinée. et la télévision.",9798575594642
Le grand livre de science fiction,La Ligue Anonyme,Le grand livre de SCIENCE FICTION TOME 1 : 19 HISTOIRES SOMMAIRE 1. Cache-cash 2. Un jeu d'enfants 3. Le biscuit du malheur 4. Je souhaite que je puisse 5. L'hyperespace 6. Le patriote ingénieux 7. Le zoo interplanétaire 8. Le destin de Milton Lewis 9. Le Diable et le Trombone 10. Une rencontre avec les Aliens 11. 1010 connexions 12. Harry Le Protagoniste 13. Tommy le devin 14. L'égratignure 15. Corrida 16. La poussière te louera-t-elle? 17. Le chasseur d'insectes 18. La mission mortelle de Garette Darty 19. L'offre,9798756830637
La main tendue,Poul ANDERSON,"En 1950, Poul Anderson imagine l'anéantissement de la diversité culturelle par un impérialisme intergalactique. Poul Anderson (1926-2001) il a publié sa première nouvelle en 1947 dans le mythique pulp Astounding. Son diplôme de physique en poche, il deviendra l’un des auteurs majeurs de la science-fiction américaine des années 1950 et 1960. Il a écrit une centaine de romans et a remporté sept fois le prix Hugo et trois fois le prix Nebula.",9782369351405
La race à venir,Edward Sir Bulwer Lytton,"Où classer ce vrai roman de science-fiction, étonnant voyage au centre de la terre écrit en 1870 (soit six ans après celui de Jules Verne) : utopie à imiter ou effroyable dystopie destinée à avertir ses lecteurs ? Le narrateur est un explorateur qui a lu tout Tocqueville. En bon Américain, il ne rate jamais une occasion de vanter les mérites du système démocratique de sa tendre nation. Alors, le jour où il découvre une « race » matriarcale autocratique, réfugiée sous terre depuis les temps préhistoriques, toutes ses belles certitudes vacillent. Les ‘’Gy-ei’’ (les femmes) sont supérieures aux ‘’Ana’’ (hommes au stade régressif), même en force physique : elles atteignent une stature plus élevée et leurs formes plus arrondies renferment des muscles et des nerfs plus fermes que ceux des hommes, un fait important qui favorise le maintien des droits de la femme. Par-dessus tout, les Gy-ei ont domestiqué le fluide corporel qu’on appelle le ‘’Vril’’, lequel contient un élément de destruction si puissant (à l’image du cri des Fremen dans Dune de Franck Herbert) qu’il leur permet de voler dans les airs, de tuer à distance ou d’anéantir Londres ou New York ! On mesure vite que la force du Vril représente une terrible menace pour les hommes d’au-dessus, surtout si les femelles d’en-dessous décident un jour de remonter à la surface de la Terre...",9782385081140
Nebular 61 : combats pour éon,Thomas Rabenstein,"Les évènements qui se sont déroulés sur la mystérieuse planète Éon ont profondément affecté Magda et l’ont laissée pensive après qu’O’zeris, le Génorant renégat, lui ait révélé ses véritables désirs lors de la poursuite du Reine de L’Océan car l’ancien commandant en chef des troupes de la Fraternité Galactique capturé par Neurotim avant d’être renvoyé dans la Voie Lactée comme agent double a une folle envie de vivre le plus longtemps possible. Malgré toutes ses actions destinées à augmenter le chaos comme par exemple, l’utilisation de Morgotradon et les interventions visant à favoriser la chute de l’empire progonaute, il s’est rendu compte que son espérance de vie limitée ne pouvait que l’empêcher de réaliser ses plans à long terme. Bien que les échanges de coups entre Neurotim et Nebular perdurent depuis une éternité, il ne s’est finalement impliqué de façon décisive que durant relativement peu de temps, et, de son comportement, de l’atterrissage sur Éon, ainsi que des tentatives de contact précédentes, il apparaît indubitable qu’il poursuit ses propres buts à côté de la mission qui lui a été confiée depuis Andromède. Qu’il ait décidé de travailler en partie pour son compte ou qu’il ait même l’intention de se détacher de la dépendance de Neurotim reste pour l’instant difficile à déterminer, mais, le fait qu’il s’attache à différentes priorités rend ce penseur complexe encore plus imprévisible pour Magda et le Protectorat. La Mariner n’a malheureusement pas le temps de se pencher plus en profondeur sur ces questions car elle préfère se concentrer sur la façon de sauver son père et ses amis qui, au vu des dernières découvertes et contrairement à ce qui avait été précédemment supposé, sont toujours piégés dans la mégastructure du centre galactique. Sa mission de sauvetage va toutefois être perturbée par un évènement qui aura des conséquences tangibles pour toute la galaxie...",N/A
Aucune femme au monde,"Dominique BELLEC, Catherine Lucille MOORE","En 1944, Catherine Lucille Moore imagine une créature hybride dont l'humanité est aux prises avec la machine. Catherine L. Moore (1911- 1987) est une écrivaine de science-fiction et de fantasy étatsunienne. Elle fut l'une des premières femmes à se consacrer à ce genre et ouvrit la voie à de nombreuses autrices. Parmi ses titres les plus connus : Les aventures de Northwest Smith (Folio SF), qui met en scène un aventurier et contrebandier (prototype de Han Solo) sillonnant le système solaire et Jirel de Joiry (Folio SF), cycle plus ouvertement fantastique avec une femme pour personnage central.",9782369351016
Deux hommes dans les confins,Robert SHECKLEY,"Besoin d’une terraformation, d’une purification d’atmosphère, d’un assainissement d’écosphère ? Arnold et Gregor sont là pour résoudre les problèmes rencontrés par les nouveaux pionniers humains à travers la galaxie. Le premier est chimiste de formation, le second écologue. L’un est aussi extraverti et imprudent que l’autre est neurasthénique et précautionneux. Ensemble, ils ont fondé, avec plus de bonne volonté que de moyens, la société « AAA Les As de la Décontamination Planétaire ». Esprit d’entreprise et caisses perpétuellement vides les poussent à accepter les missions les plus délicates, voire les plus impossibles. Rien ne saurait pourtant entamer l’ingéniosité et la débrouillardise des deux compères, qui devront redoubler de ruse et d’habileté pour se tirer de mésaventures dans lesquelles le cocasse le dispute au loufoque. Robert Sheckley est né à Brooklyn en 1928 de parents russes. Soldat en Corée, voyageur hippie ou encore scénariste pour la télévision, il se fait connaître comme écrivain grâce à une plume qui n’épargne rien ni personne. À sa mort, en 2005, il laisse derrière lui une œuvre drôle, visionnaire, monumentale – plus de 200 textes ! –, aujourd’hui largement reconnue par la critique comme par nombre de ses pairs (Douglas Adams, J.G. Ballard, Neil Gaiman ou encore Christopher Priest).",9782494665156
Le mur de ténèbres,"Arthur C. Clarke, Iawa Tate","Arthur C. Clarke est l'un des grands maîtres de la SF moderne. Chantre de la conquête de l'espace, il fut également prophète de l'ère des télécommunications universelles, explorateur des fonds sous-marins, humoriste et commentateur de l'aventure humaine dans un univers recelant encore bien des mystères. La collection numérique Brage vous permettra d'explorer toutes ces différentes pistes à travers plus d'une centaine de nouvelles, indispensables à tout amoureux de la Science-Fiction.",9782820516787
Le monde aveugle,Daniel F. Galouye,"Depuis que Lumière a abandonné les hommes, personne n’a encore enfreint la loi et franchi la Barrière qui sépare les Niveaux du Monde Originel. Lorsque Jared s’y risque, c’est pour découvrir des monstres qui émettent un son qu’il n’avait encore jamais entendu. Se pourrait-il que ce son ait un rapport avec Lumière? À moins que ces monstres ne soient, au contraire, les émissaires d’Obscurité, le mal absolu? Et qui sont réellement les Ziveurs, ces hommes étranges qui se servent de leurs yeux pour écouter le monde? Nous plongeant dans un monde qui n’a jamais connu le jour, Daniel F. Galouye fait une fois de plus preuve d’une grande originalité. Le monde aveugle est, avec Simulacron 3, un des classiques de la science-fiction.",9782072456404
Le noir dessein,Philip José Farmer,"Le Fleuve de l'Eternité, long de trente-deux millions de kilomètres, serpente à la surface d'une planète spécialement remodelée par les Ethiques pour accueillir quarante milliards d'humains ressuscités. Toute l'humanité et un extra-terrestre. Dans quel but ? C'est la question que se posent Sam Clemens, Richard Burton, Jack London et Savinien Cyrano de Bergerac. La clef de l'énigme se trouve-t-elle dans la tour géante entrevue au pôle Nord comme le prétend un "" mystérieux inconnu "" qui est apparu à certains d'entre eux ? Avec celle de l'immortalité définitive. Après un premier échec, nos héros remontent à l'assaut par la voie du Fleuve et par celle des airs, aiguillonnés par la volonté de savoir et le désir d'entraver les projets sinistres de certains des occupants de la tour. La série du Fleuve de l'Eternité est un des chefs-d'oeuvre les plus fameux de la science-fiction. Mêlant science-fiction, aventures et histoire, elle a reçu le Prix Hugo pour son premier titre, Le Monde du Fleuve, publié dans la même collection. Le Noir Dessein est le troisième volume d'une fresque qui en comporte cinq.",9782253062820
La machine a explorer le temps,H. G. Wells,"L'histoireLondres, à l'extrême fin du XIXe siècle. Dans la maison d'un savant, un groupe d'amis écoute celui qui prétend être le premier voyageur du temps narrer ses aventures.Le voyageur du temps commence son récit en décrivant le monde de l'an 802 701. La Terre est habitée par les Éloïs, descendants des hommes. Androgynes, simplets et doux, ils passent leur temps à jouer tels des enfants et à manger des fruits dans le grand jardin qu'est devenue la Terre. À la surface de celle-ci, ne subsiste plus aucune mauvaise herbe, ni aucune autre espèce animale. Le monde semble être devenu un paradis.Seulement l'explorateur du temps ne tarde pas à se rendre compte que cette apparente harmonie cache un terrible secret. Des puits menant à des systèmes d'habitations souterraines sont répartis un peu partout, et un bruit de machine s'en échappe. C'est sous terre que vit une autre espèce descendante aussi des hommes, les Morlocks, sortes de singes blancs aux yeux rouges ne supportant plus la lumière à force de vivre dans l'obscurité. La nuit, ils vont et viennent à la surface en remontant par les puits, pour kidnapper des Éloïs dont ils se nourrissent, devenus ainsi leur bétail à leur insu.L'explorateur, dont la machine à voyager dans le temps a disparu, va devoir descendre sous terre affronter les Morlocks, s'il veut pouvoir retourner chez lui. Entre temps, il va se lier avec une Éloïe, Weena.Herbert George Wells, plus connu sous la signature H. G. Wells, né le 21 septembre 1866 à Bromley dans le Kent, Royaume-Uni et mort le 13 août 1946 à Londres, est un écrivain britannique surtout connu aujourd'hui pour ses romans de science-fiction. Il fut cependant également l'auteur de nombreux romans de satire sociale, d'oeuvres de prospective, de réflexions politiques et sociales ainsi que d'ouvrages de vulgarisation touchant aussi bien à la biologie, à l'histoire qu'aux questions sociales.BiographieIl fut un auteur très prolifique qui écrivit aussi bien des romans réalistes que de la science-fiction, comme des essais sur l'histoire de l'humanité ou l'évolution future de la société. Herbert George Wells fut un socialiste convaincu. Après 1900, ses oeuvres se firent de plus en plus politiques et didactiques. Il parait que sa femme l'aurait aidé à écrire ses textes.",9781519112040
Retraite de la terre,"Arthur C. Clarke, Colette Carrière","Arthur C. Clarke est l'un des grands maîtres de la SF moderne. Chantre de la conquête de l'espace, il fut également prophète de l'ère des télécommunications universelles, explorateur des fonds sous-marins, humoriste et commentateur de l'aventure humaine dans un univers recelant encore bien des mystères. La collection numérique Brage vous permettra d'explorer toutes ces différentes pistes à travers plus d'une centaine de nouvelles, indispensables à tout amoureux de la science-fiction.",9782820514707
Ceux qui ne voulaient pas mourir,P.-J. Hérault,"Voilà des décennies que la guerre fait rage entre la Terre et ses anciennes colonies. Une guerre sans merci, où l'on achève les blessés sur place tant les troupes sont faciles à remplacer. Au milieu du champ de bataille : Kajerhom, capitaine d'une section d'assaut de la Fédération, vient de tomber sous les tirs ennemis. Irradié, en plein désert, il attend la mort. Mais contre toute attente, il est recueilli par d'autres rescapés. Il tentera alors de survivre et de mener ceux qui ne voulaient pas mourir en sécurité. Mais comment se forger un avenir, quand votre propre camp souhaite votre mort ?",9791090648906
Le défi,Sabine du Faÿ,"Dans un monde où la curiosité est un très vilain défaut, Harrison ne pourra compter que sur son robot pour élucider les mystères qui l’entourent. Harrison est un jeune terrien. Il pose beaucoup de questions, auxquelles son robot et ami, Schram, refuse de répondre. Il aime rêver, sentir le parfum des roses, et aimerait pouvoir écouter de la musique. Mais tout cela est interdit sur Terre. Dans un monde où la curiosité est un très vilain défaut, Harrison ne pourra compter que sur son robot pour élucider les mystères qui l’entourent. Plongez le premier tome d'une saga de science-fiction jeunesse, et découvrez une planète Terre bien étrange, où règnent mystères, robots et interdictions. EXTRAIT Schram avait compris qu’il ne se débarrasserait pas aussi facilement des questions de l’enfant. « Heu... quelqu’un qui n’est pas branché... qui est débranché, quoi ! Heu... qui fait des choses différentes des autres. — Il y en a beaucoup ? » Schram s’était tortillé, très gêné : « Les Déconnectés sont en voie de disparition. Heu... Robert, je crois, est le seul qui reste. — Et les autres ? Que sont-ils devenus ? » Schram avait roulé des yeux, terrorisé : « Heu... Heu... Heu... » Harrison n’avait pas insisté : il ne supportait pas de voir son robot effrayé. « Je trouverai la réponse moi-même », avait-il pensé, déconcerté par sa réaction. Devant la porte d’entrée, une allée bien lisse traversait un gazon vert parfaitement entretenu. « Bonjour, Harrison ! » La petite tondeuse ovale, étincelante sous le soleil, fit un tour sur elle-même, envoya en l’air un jet d’herbe fraîchement coupée. « Bonjour, Rose, répondit Harrison, admiratif. Tu travailles vraiment bien : la pelouse est magnifique ! » Le métal de Rose se mit à rougeoyer légèrement : il n’y avait que Harrison pour parler aussi gentiment ! « Tout le monde considère qu’il est normal que je travaille comme ça, puisque je suis programmée pour travailler comme ça, pensa la tondeuse, mais quand même, un petit compliment, cela réchauffe mon moteur de platine À PROPOS DE L'AUTEUR Lassée de lire le futur de ses amies dans sa boule de cristal, Sabine du Faÿ, qui a hérité de son arrière-grand-mère le don de voyance, décide un jour de prédire quelque chose de plus ambitieux. Un soir de pluie, elle interroge sa boule de cristal sur l’avenir de la Terre. Ce qu’elle découvre est si terrible qu’elle décide d’en faire le récit, au risque de bouleverser ses lecteurs...",9782352845324
Les colonnes du temps - tome 1 - genèse,John Renmann,"Automne 2003. Notre planète est agressée par une sphère lumineuse qui dévore lentement sa surface. Seuls ses pôles semblent épargnés par l'avidité du monstre qui, en peu de temps, finit par effacer l’Europe et l'ouest asiatique. Tandis que la population mondiale se terre dans des grottes ou colonise l'Alaska, les nations s'organisent et bâtissent une immense base souterraine, en Sibérie. Celle-ci devient le refuge de scientifiques réunis dans une course contre l’annihilation totale de notre monde. Parmi eux, Patrick Schimmer, jeune géologue français qui, sans le savoir, jouera un rôle important dans le devenir de l'humanité. Ceci est son histoire... Ce qu'en disent les lecteurs: ""Dès le départ on est dans le feu de l'action, les personnages sont captivants, le décor est bien planté. On ne s'ennuie pas, pour moi c'est le principal. Bon livre."" ""Lisez-le ! Même si vous n'êtes pas amateur habituel de science-fiction comme moi. J'ai été englouti par cette histoire qui vous plonge dans un futur peut-être pas si lointain quand on voit ce qu'on fait à notre planète"" Version révisée d'octobre 2015. "" Les colonnes du temps - Genèse"" est le conseil de lecture du site www.monBestSeller.com, sélectionné pour le Prix Concours de l'auteur indépendant 2015.",9791026201496
"Destination : vide (le programme conscience, tome 1)",Frank Herbert,"collection dirigée par gérard klein Ils sont quatre à bord du Terra, nef de deux kilomètres de long qui va sortir du système solaire. Leur mission officielle : atteindre Tau Ceti. Mais ils savent que c'est une duperie : il n'y a pas de planète habitable autour de l'étoile. Leur véritable mission : créer une Intelligence Artificielle. Loin de la Terre car la première tentative aboutie s'est soldée par un cataclysme. S'ils échouent, ils mourront. Et s'ils réussissent... Par l'auteur de Dune, l'un des romans les plus pertinents sur l'Intelligence Artificielle. Et le premier volet du Programme Conscience.",9782253196693
"La trilogie de béton (crash!, l'île de béton, i.g.h.)",J.G. Ballard,"Dans Crash!, le narrateur développe une obsession sexuelle pour la tôle froissée, pour les accidents de voiture qui modifient, à coups de poignards de chrome, l'intimité du corps humain. Dans L'île de béton, une sortie de route isole le héros en contrebas d'une autoroute. Le voici moderne Robinson Crusoé sur un îlot surplombé d'un échangeur, là où personne ne s'arrête. Enfin, I.G.H. dépeint une nouvelle forme de guerre : dans une tour de quarante étages, la population se scinde en clans. Ses comportements violents deviennent dignes de notre préhistoire. La trilogie de béton rassemble trois chefs-d'œuvre de la littérature contemporaine. J. G. Ballard y invente une nouvelle forme de science-fiction. Il nous met en garde contre les nouveaux fétiches de nos sociétés technophiles aux couleurs criardes.",9782072526213
Les navigateurs de l'infini,J.-H. Rosny Aîné,"« Le père fondateur de la science-fiction française et mondiale. » Serge Lehman L'oeuvre spéculative de J.-H. Rosny aîné a séduit toutes les générations. Il a su concilier à merveille science et littérature. Son roman le plus célèbre, La Guerre du feu, a été porté à l'écran par Jean-Jacques Annaud. Entre 1887 et 1939, Rosny a écrit plusieurs dizaines de romans et nouvelles appartenant à un vaste cycle dont l'action commence au paléolithique et s'achève cent mille ans dans l'avenir. Une histoire totale de l'être humain depuis la préhistoire jusqu'à son extinction - ou plutôt son remplacement. La première histoire du futur. « On ne peut que rester sans voix devant l'ampleur de cette fresque. » Serge Lehman Au terme d'un long voyage, une mission d'exploration terrestre débarque sur Mars. Là, les Terriens vont découvrir l'existence des Tripèdes, des êtres humanoïdes dotés de trois jambes et six yeux et irradiant une beauté surnaturelle. Malheureusement, il s'agit des derniers représentants d'une espèce très ancienne et très évoluée, qui se voit laisser peu à peu sa place à une autre forme de vie, celle des Zoomorphes. Beaucoup plus primaires, les Zoomorphes sont des êtres minéraux, mais leur progression semble inexorable, et l'agonie de l'espèce extraterrestre intelligente inévitable... J.-H. Rosny aîné (1856-1940) participa à la création de l'académie Goncourt dont il devint par la suite le président. On lui doit l'invention du roman préhistorique et les premiers chef-d'oeuvre de la science-fiction moderne, dans la lignée d'un H.G. Wells dont il anticipa parfois les thèmes.",9782820512505
Cyberpunk's not dead,Yannick Rumpala,"Surgi au cours des années 1980, le cyberpunk a marqué la science-fiction de son empreinte, donnant une contrepartie littéraire aux fulgurances esquissées au cinéma par l’iconique Blade Runner. Avec des œuvres majeures comme Neuromancien de William Gibson, tout un imaginaire s’est alors ouvert, révélant des anxiétés appelées à résonner durablement... Prolifération technologique, évasion dans des mondes virtuels, domination économique des multinationales, précarisation sociale, fragmentations culturelles en nouvelles tribalités : en quoi et comment ces visions peuvent-elles (encore) faire sens à quelques décennies de distance ? Yannick Rumpala, maître de conférences en science politique à l’université de Nice, explore ici les thématiques et projections installées par ce mouvement littéraire, la manière dont il s’est coulé dans une modernité déjà chancelante et a cultivé les germes des incertitudes futures de nos existences. Tel un laboratoire dont les expérimentations auraient malencontreusement débordé...",9782381630267
Histoire du futur,Robert Heinlein,"Nous pourrissons sur pied dans les fanges de Vénus, Nous vomissons nos tripes dans son souffle putride. Dans sa jungle inondée, oui, même son humus Grouille et pullule d'une vie qui nous glace et nous vide. Nous avons exploré l'espace et ses confins, Et jaugé la valeur de la moindre poussière. A présent regagnons le foyer des humains, Les fraîches et les vertes collines de la Terre. Prions pour réussir l'ultime atterrissage. Sur le beau globe bleu où nous sommes nés naguère. Puissent nos yeux revoir le ciel et les nuages Et les fraîches et vertes collines de la Terre. Immense classique de la littérature de science-fiction, le cycle Histoire du futur, dont les romans et les nouvelles dressent un panorama complet de l'avenir de l'humanité, figure parmi les plus grandes fresques du genre avec Fondation ou Les Seigneurs de l'Instrumentalité de Cordwainer Smith.",9782070317530
La petite déesse,Ian McDonald,"En 2004, Ian McDonald publiait en Angleterre un roman d’une ambition peu commune dans le paysage de la science-fiction contemporaine, Le fleuve des dieux, un livre aux multiples intrigues situées dans une Inde de 2047 balkanisée et soumise à une sécheresse sans précédent. Le prix de la British Science Fiction Association a récompensé ce roman et son édition française a reçu le Grand Prix de l’Imaginaire et le prix Bob Morane. En 2009, Ian McDonald a rassemblé, sous le titre La petite déesse, les sept nouvelles et courts romans qu’il avait écrits sur cette même Inde du futur. On y découvre, souvent par le biais du regard d’enfants, un sous-continent où les hommes sont quatre fois plus nombreux que les femmes, où se côtoient des gens d’une extrême pauvreté, des intelligences artificielles et des stars virtuelles, tous confrontés à des menaces d’un genre nouveau. La nouvelle éponyme a, elle aussi, été récompensée par le Grand Prix de l’Imaginaire, ""L’épouse du djinn"" ayant, elle, reçu le prestigieux prix Hugo.",9782072641800
Limbo (edition intégrale),Bernard Wolfe,"ATTENTION AU ROULEAU COMPRESSEUR ! LA SOCIETE, LA MACHINE, LA GUERRE.........SOYEZ PACIFISTES INTEGRAUX ! FAITES-VOUS COUPER LES MEMBRES ! Publié aux Etats-Unis en 1952, cet unique roman de son auteur, Bernard Wolfe, est l'une des plus puissantes fictions prophétiques du XXè siècle, à ranger à côté du Meilleur des mondes d'Aldous Huxley et de 1984 de Georges Orwell. C'est aussi un roman d'humour. Très noir. Un classique.",9782253192527
Journal of the elisha mitchell scientific society,"Elisha Mitchell Scientific Society (Chapel Hill, N.C.)","Vols. 20- include Proceedings of the North Carolina academy of science, 1902-",N/A
La faille,Corinne Guitteaud,"Qumran : Un jeune journaliste rencontre, à bord de la station spatiale Qumran, le dernier des Vénérables, qui souhaite transmettre à la Terre, tout juste sortie d’un effroyable conflit un ultime message de paix. Saving Charly : la suite et fin de « L’Astrogate », nouvelle parue dans le recueil La Vague. Charly et Howie seront-ils enfin réunis ? Les Brouteurs : D’étranges créatures, semblables à des nuages, viennent brouter la pollution de la Terre. Mais ceux qui semblent d’abord se présenter comme des sauveurs, pourraient bien conduire la vie sur la planète au bord de l’extinction. Traquées : deux survivantes de la race presque éteinte des Alaviliens tentent d’échapper à leurs persécuteurs et trouvent refuge à bord d’un vaisseau silhaire. Les Suzerains : découvrez le compte rendu d’un interrogatoire qui pourrait vous donner froid dans le dos. Que doit-on croire ? Les plus folles rumeurs peuvent donner naissance à un formidable espoir de liberté. La Faille : un dépit amoureux a donné naissance à un conflit galactique dont l’humanité ne sortira pas indemne. Les Valkyries sont lâchées. Tremblez, mortels ! Une octave de réalité : Julien Pinson, qui sera publié chez Voy’el en 2013, est l’auteur invité de ce recueil. Sa nouvelle traite de manière originale du paradoxe du chat de Schrödinger, à travers le récit d’une bataille époustouflante.",9782364751439
La guerre des mondes,Herbert George Wells,"Herbert George Wells est considéré comme le père de la science-fiction moderne. La guerre des mondes fut le premier roman à décrire des extraterrestres à l'identité propre, intelligents bien que totalement inhumains. C'est un récit passionnant, qui raconte le désarroi et la lutte désespérée des hommes face à un cataclysme qui semble tout droit sorti des enfers. Le combat qui oppose humains et martiens est relaté ici par une seule personne, sorte de correspondant de guerre témoin des étapes clés de l'invasion extraterrestre. Au-delà du récit de science-fiction, la Guerre des Mondes est également un roman politique. Certains textes semblent traverser le temps sans prendre une ride. La Guerre des Mondes est de ceux-là.",9798631573208
"Eon (cycle de l'hexamone, tome 1)","Greg Bear, Guy Abadia","Collection dirigée par Gérard Klein Le Caillou semble être un astéroïde entré par accident au début du xxie siècle dans notre système solaire. Mais lorsqu'il vient se placer en orbite autour de la Terre, les Russes et les Américains doivent se rendre à I'évidence. Il s'agit d'un vaisseau spatial interstellaire de trois cents kilomètres de long. Les sept chambres immenses qu'il recèle abritent des villes entières. Désertes. Mais pleines de merveilles technologiques et de bibliothèques contenant des livres d'histoire, rédigés dans toutes les langues de la Terre, qui décrivent un avenir terrifiant. Où sont passés les habitants du Caillou ? Où conduit la dernière chambre qui semble avoir une profondeur infinie ? La grande tradition de la science-fiction échevelée, émerveillée, sidérante.",9782253936404
Fantastic literature,David Sandner,"Unprecedented in range and scope, this volume serves as a record of and reference for the development of fantasy literature. Working to be inclusive, rather than exclusive, opening a dialogue wherever possible, Sandner presents the full range of debates concerning the fantastic and its relationship to the sublime, the Gothic, children's literature, romance and comedy, and the purposes of imaginative literature. Introductions to each essay, presented in full or excerpted for the most relevant commentary, situate the reader in the history of fantasy literature and the criticism it has inspired. New and important here are the claims for the early development of fantasy literature from the 18th century sublime. Previous histories of the genre regard Romanticism as a limit, but this reader draws from 18th, 19th, 20th, and even 21st century texts, revealing the unimagined scope of the field and developing a map of its early history for the first time. This important new volume presents, ultimately, the development of critical debates about the fantastic and its relationship to literature generally.",N/A
A la fin de l'hiver,Robert Silverberg,"La chute des comètes avait apporté le long hiver, comme, cent millions d'années plus tôt, lorsque les dinosaures avaient disparu. L'Hiver durait depuis soixante-dix mille ans. Le Peuple survivait à l'abri de son cocon souterrain, génération après génération. Et voilà que le Printemps, annoncé par la Tradition, était revenu. Le Peuple devait sortir et aller recueillir son héritage dans la glorieuse cité de Vengiboneeza. Mais, était-il encore humain ? Préface de Gérard Klein.",9782253193265
La sonate hydrogène,Iain-M Banks,"Les Gziltes - des humanoïdes proches de la Culture qui ont néanmoins choisi de ne pas y adhérer - ont pris la décision collective de suivre la voie empruntée par des millions d'autres civilisations avancées : la Sublimation. Quitter l'espace normal et rejoindre un niveau plus élevé dont on ne sait pas grand-chose, mais, où tout est possible, où la vie est davantage complexe et riche. Infiniment. Seulement, à quelques jours de la Sublimation, le Quartier Général Militaire des Gziltes est détruit. Peut-être parce qu'il détenait un secret susceptible d'entraver ce passage au stade supérieur. Vyr Cossont, assistée d'un androïde et d'un avatar de la Culture, est envoyée à travers la Galaxie pour remplir une mission impossible : retrouver la trace d'un homme qu'on dit vieux de dix mille ans et qui est censé connaître le secret des Gziltes. L'ultime volet éblouissant du cycle de la Culture.",9782253183501
A travers la mer des soleils,Gregory Benford,"Nigel Walmsley, entré en contact avec une intelligence étrangère (voir Dans l'océan de la nuit), fait partie de la première expédition interstellaire lancée par l'humanité à la recherche de l'intelligence. Car la Terre, ou plutôt ses océans, a été envahie par des formes de vie étrangères et hostiles, les Essaimeurs, et il lui faut trouver un remède. Auprès d'une autre civilisation s'il est possible. De la vie, il y en a partout, dans la Galaxie. Sous des formes étranges, comme celle des E.M., les électromagnétiques. Et aussi plus redoutables, ainsi les Machines Intelligentes qui pullulent et semblent n'avoir pas d'autre but que la destruction de la vie organique. Comme celle des humains... Après Dans l'océan de la nuit, voici le deuxième volume de l'épopée du Centre galactique. Lui font suite La Grande Rivière du ciel, Marées de lumière et Les Profondeurs furieuses, déjà publiés au Livre de Poche.",9782253172772
Asian cuisines,"E. N. Anderson, Paul D. Buell, Darra Goldstein","Sushi, kimchi, baklava, and tofu once seemed exotic. These Asian foods have made their way around the world. But how representative are they of their home cuisines? Asian Cuisines: Food Culture from East Asia to Turkey and Afghanistan covers the food history, food culture, and food science of the world’s largest and most diverse continent, not only East, Southeast, and South Asia, but also Central and West Asia, including the countries that straddle Asia and the Middle East. Contributors to Asian Cuisines include renowned scholars E. N. Anderson, Paul D. Buell, and Darra Goldstein. A glossary provides a quick overview of culinary terms specific to the cuisines. Chapters discuss local ingredients and dishes, and look at the connection between food and social, political, economic, and cultural developments. Each article comes with an easy-to-make recipe to give readers a taste of more than a dozen tantalizing and varied cuisines. This compact volume will be valuable in food studies programs and fills a unique spot on the shelf of anyone who loves to explore the meanings and flavors of world cuisines.",9781614728467
Mon livre de cuisine,Cuisine Edition,"Ce livre de cuisine est destiné aux cuisiniers débutants ou experts, afin de noter vos plus belles recettes. Ce livre de cuisine contient : Un sommaire pour noter vos plus belles recettes et les pages où elles se trouvent. Plus de de 100 pages couleur crèmes de qualité supérieur, où vous pouvez noter le nom de vos recettes, le temps de préparation ainsi que de cuisson, la température, la liste de vos ingrédients et bien d'autres informations pour ne rien oublier de vos succulente préparations Une reliure soignée. Une couverture sur le thème de la cuisine.",9798639999826
Pairing food and wine for dummies,John Szabo,"The easy way to learn to pair food with wine Knowing the best wine to serve with food can be a real challenge, and can make or break a meal. Pairing Food and Wine For Dummies helps you understand the principles behind matching wine and food. From European to Asian, fine dining to burgers and barbeque, you'll learn strategies for knowing just what wine to choose with anything you're having for dinner. Pairing Food and Wine For Dummies goes beyond offering a simple list of which wines to drink with which food. This helpful guide gives you access to the principles that enable you to make your own informed matches on the fly, whatever wine or food is on the table. Gives you expert insight at the fraction of a cost of those pricey food and wine pairing courses Helps you find the perfect match for tricky dishes, like curries and vegetarian food Offers tips on how to hold lively food and wine tasting parties If you're new to wine and want to get a handle on everything you need to expertly match food and wine, Pairing Food and Wine For Dummies has you covered.",9781118399576
The rainbow nation cookery guide,"Pumla Brook-Thomae, Brent Abrahams","A compiled collection of traditional South African recipes and stories as told by twelve chefs. Each chef representing their own ethnic cuisines including Zulu, Indian, Xhosa, Cape Malay, Afrikaans, San, Southern Sotho, English, Tsonga, Northern Sotho Pedi, Ndebele, and Swati dishes.",9780620887755
The globalization of asian cuisines,James Farrer,"This book provides a framework for understanding the global flows of cuisine both into and out of Asia and describes the development of transnational culinary fields connecting Asia to the broader world. Individual chapters provide historical and ethnographic accounts of the people, places, and activities involved in Asia's culinary globalization.",9781137514080
La nouvelle cuisine faite maison,Gordon Ramsay,"Gordon Ramsay a beau être le chef britannique aux 10 étoiles, il sait que les recettes simples et rapides font souvent les meilleurs plats. C’est la philosophie de son restaurant Bread Street Kitchen. Retrouvez plus de 100 recettes de saison adaptées du menu du restaurant le plus cool de la City de Londres. Réalisables en un tour de main, elles répondent à toutes les occasions. Dîner entre amis, plats uniques pour les soirs de la semaine, brunch du dimanche, petites faims ou menu à partager avec toute la famille... Les traditions culinaires du monde entier sont convoquées dans ce livre convivial qui donne envie de se régaler... comme à la maison.",9782011171795
Ancient indigenous cuisines,"Susan M Kooiman, Jodie A O'Gorman, Autumn M Painter","New essays from foodways archaeology related to cuisine in social, cultural, and environmental contexts This collection of original essays is the first to cover recent trends in foodways archaeology in the Midwest using the concept of cuisine: the selection of food ingredients and methods of food preparation, cooking, and serving/consumption in relation to their social, cultural, and environmental contexts. This work span the Early Archaic (9000 BC) to Late Precontact (up to around AD 1500) in ecological zones of present-day Michigan, Indiana, Illinois, Wisconsin, Minnesota, North Dakota, and Manitoba. Chapters trace development from hunter-gathering to horticultural practices to the more robust farming/fishing/hunting model centered on maize, squash, and other domesticates. As Susan M. Kooiman, Jodie A. O'Gorman, and Autumn M. Painter note, identification of past cooking habits and evolving methods for foodstuffs identification can help archaeologists to reconstruct foodways and connect food behaviors with identity and associated fundamental societal beliefs. Contributors to this collection use cutting-edge methods and perspectives and consider a range of questions and outcomes that demonstrate the versatility and strength of culinary studies. To move the field forward, contributors also note areas for further analysis and improvement. This volume targets archaeologists and students, archaeobotanists and zooarchaeologists, and those curious about Indigenous food culture. Engaging content includes chapters on the construction of earth ovens, the use-alteration of pottery and residue, a discussion of cuisine combining plant and animal data with ceramic trends, and the various contexts of plates to understand cooking methods and the social role of cuisine. Others examine faunal remains, the plant remains of feasting, the introduction of maize, the use of limestone nixtamalization, and archaeobotanical assemblages that reveal shifts in cuisine. A conclusion addresses the question, Why cuisine? CONTRIBUTORS Rebecca K. Albert / Alleen Betzenhauser / Jennifer R. Haas / Mary M. King / Susan M. Kooiman / Mary E. Malainey / Terrance J. Martin / Fernanda Neubauer / Kelsey Nordine / Jodie A. O'Gorman / Autumn M. Painter / Jeffrey M. Painter / Kimberly Schaefer / Mary Simon",9780817361822
The oxford companion to american food and drink,Andrew F. Smith,"Offering a panoramic view of the history and culture of food and drink in America with fascinating entries on everything from the smell of asparagus to the history of White Castle, and the origin of Bloody Marys to jambalaya, the Oxford Companion to American Food and Drink provides a concise, authoritative, and exuberant look at this modern American obsession. Ideal for the food scholar and food enthusiast alike, it is equally appetizing for anyone fascinated by Americana, capturing our culture and history through what we love most--food!Building on the highly praised and deliciously browseable two-volume compendium the Oxford Encyclopedia of Food and Drink in America, this new work serves up everything you could ever want to know about American consumables and their impact on popular culture and the culinary world. Within its pages for example, we learn that Lifesavers candy owes its success to the canny marketing idea of placing the original flavor, mint, next to cash registers at bars. Patrons who bought them to mask the smell of alcohol on their breath before heading home soon found they were just as tasty sober and the company began producing other flavors.Edited by Andrew Smith, a writer and lecturer on culinary history, the Companion serves up more than just trivia however, including hundreds of entries on fast food, celebrity chefs, fish, sandwiches, regional and ethnic cuisine, food science, and historical food traditions. It also dispels a few commonly held myths. Veganism, isn't simply the practice of a few ""hippies,"" but is in fact wide-spread among elite athletic circles. Many of the top competitors in the Ironman and Ultramarathon events go even further, avoiding all animal products by following a strictly vegan diet. Anyone hungering to know what our nation has been cooking and eating for the last three centuries should own the Oxford Companion to American Food and Drink. DT Nearly 1,000 articles on American food and drink, from the curious to the commonplace DT Beautifully illustrated with hundreds of historical photographs and color images DT Includes informative lists of food websites, museums, organizations, and festivals",9780195307962
Inde,Sandra Salmandjee,"Sandra Salmandjee, alias Sanjee, auteur du blog culinaire Bollywood Kitchen, vous invite à un voyage gourmand pour vous apprendre ses meilleures recettes indiennes. Découvrez une cuisine raffinée et pourtant si facile à préparer au quotidien. Plus de 60 recettes délicieuses, toutes les bases, des infos sur les ingrédients et ustensiles, les gestes incontournables, des astuces et des centaines de photos en pas à pas. Cuisiner indien, c’est easy !",9782317015915
The english of tourism,Georgeta Raţă,"The English of Tourism is a collection of essays on the English specific to the Tourism Industry. The approach is a linguistic one: the different aspects of the English used in the field of tourism (tourism industry, types of tourism, travel agencies, Internet sites of travel agencies, eco-tourism, travel) and in tourism-related fields (accommodation, advertising, entertainment, food services, hospitality, transportation) are analysed from a morphological (combination, derivation), syntactical (nominal phrases, verbal phrases), lexical and lexicographical, semantic (homonymy, semantic fields, synonymy, terminology), pragmatic (academic discourse, idiom, metaphor), etymological (etymon, Latin heritage), and contrastive (Croatian–Romanian, English–Croatian, English–Romanian, French–English, Romanian–English) points of view. This book will appeal to people employed in industries including hotels, transportation, events, food and beverage, parks and recreation, as well as to professors, researchers, students, and translators from Croatian-, English-, French-, and Romanian-speaking countries, active in their own countries or abroad. The types of academic readership it will appeal to include: academic teaching staff, researchers and students in the field of tourism, of tourism-related fields – accommodation, advertising, entertainment, food services, hospitality, and transportation – and of languages.",9781443844864
Cuisine du monde,"Cuisine et Vins de France,","Invitez les cinq continents à votre table ! De l'Australie à l'Espagne, du Vietnam au Liban, de la Pologne à l'Angleterre, découvrez la richesse du patrimoine culinaire mondial à travers une sélection de 100 recettes. De l'entrée jusqu'au dessert, ces plats vont faire voyager vos papilles grâce à une multitude de saveurs, parfois devenues familières - tagine marocain, salade grecque -, parfois plus inattendues - oie farcie à la katcha venue tout droit de Russie ou clafoutis aux mangues hawaïen. Emaillées de notices sur l'histoire et les bons produits de la cuisine du monde, ces recettes vont mettre votre cuisine à l'heure internationale.",9782848316468
En 2h je cuisine pas cher pour toute la semaine,Stéphanie De Turckheim,"Pour chaque semaine, retrouvez : Le panier avec des produits de saison La liste des courses et les menus de la semaine Le déroulé des préparations à réaliser en 2H Une cuisine zéro gaspi - 16 menus hebdomadaires complets, soit 80 repas équilibrés pour 50 € maximum pour 4 personnes - Des plats qui privilégient les produits frais et de saison - Une cuisine 0 Déchet où tout est consommé et les restes réutilisés",9782019455187
Cuisine bon marché,École de cuisine Alain Ducasse,"De vrais cours de cuisine à la maison sans vous ruiner ! L'École de Cuisine Alain Ducasse met son savoir-faire et son ""savoir transmettre"" au service de la cuisine du quotidien peu chère. Dans un contexte économique difficile, il est important de continuer à se faire plaisir en cuisinant et en mangeant... mais pas à n'importe quel prix ! Détaillées en pas à pas illustrés, ces recettes sont accessibles à tous les cuisiniers amateurs. Au-delà de l'initiation aux gestes de professionnels, apprenez à organiser vos courses, à cuisiner les restes, etc. pour réduire la facture !",9782841235452
Cuisine du monde inratable,Collectif,"Vous voulez voyager sans quitter le confort de votre canapé ? Vous vous demandez comment réveiller vos papilles ? Bref, vous avez envie de découvertes, d’un peu d’originalité et d’exotisme ? C’est en fait très simple, et nous allons vous le prouver ! Pas plus de 6 ingrédients pour limiter les courses Plus de 75 recettes inratables et ultra-rapides à réaliser !",9782035955982
Ma cuisine - mon carnet de recettes,Ma cuisine confidentielle Collection Huber N.,"★Livres grands caractères adaptés aux personnes malvoyantes et aux personnes âgées ★Vous êtes cuisinier(e) en herbe ou passionné(e) de cuisine, vous aimez ajouter votre touche personnelle dont vous seul(e) avez le secret, ce livre de cuisine à remplir vous permettra de conserver précieusement vos recettes, vos astuces, vos secrets de cuisines légués au fil des générations ou au hasard de vos propres découvertes culinaires ! Vous pourrez même offrir ce livre comme un précieux cadeau à vos proches mais chuttt ! c'est un secret... ★Spécifications: ★Un index de 250 recettes pré-rempli avec le numéro correspondant a la fiche recette et type de recette (exemple: Entrées/Dessert/Plat, etc). ★Carnet de 513 pages (2 pages par recettes) ★Dimension du carnet: 17,78 x 25,40 cm / 7x10 pouces ★250 Fiches recettes a remplir et numérotées avec: ★La liste des ingrédients ★Matériel a utiliser ★La préparation ★Nombre de part ★Temps de cuisson ★Temps de réalisation ★Température du four ★Difficulté (évaluation) ★★★Cliquez sur le nom d'auteur en Haut ""Ma cuisine confidentielle Collection Huber N."" pour découvrir nos autre créations★★★",9798669091309
Ma cuisine - mon carnet de recettes,Ma cuisine confidentielle Collection Huber N.,"★Vous êtes cuisinier(e) en herbe ou passionné(e) de cuisine, vous aimez ajouter votre touche personnelle dont vous seul(e) avez le secret, ce livre de cuisine à remplir vous permettra de conserver précieusement vos recettes, vos astuces, vos secrets de cuisines légués au fil des générations ou au hasard de vos propres découvertes culinaires ! Vous pourrez même offrir ce livre comme un précieux cadeau à vos proches mais chuttt ! c'est un secret...★Spécifications:★Un index de 250 recettes pré-rempli avec le numéro correspondant a la fiche recette et type de recette (exemple: Entrées/Dessert/Plat, etc).★Carnet de 513 pages (2 pages par recettes)★Dimension du carnet: 17,78 x 25,40 cm / 7x10 pouces★250 Fiches recettes a remplir et numérotées avec:★La liste des ingrédients★Matériel a utiliser★La préparation★Nombre de part★Temps de cuisson★Temps de réalisation★Température du four★Difficulté (évaluation)★★★Cliquez sur le nom d'auteur en Haut ""Ma cuisine confidentielle Collection Huber N."" pour découvrir nos autre creations★★★",9798663197243
200 snacks santé et gourmands,"Cuisine de l'Apéritif, Jade Levevre","Découvrez l'art secret de préparer des snacks et des hors-d'oeuvre si délicieux que vos invités croiront que vous avez conclu un pacte secret avec un chef étoilé ! Nos recettes vous apprendront à concocter les bouchées les plus savoureuses et les plus célèbres - parfaites pour les gourmets et ceux qui aspirent à le devenir. Quelles sont les ingrédients les plus importants dans votre cuisine ? Tout ce que vous aimez manger ! Et bien sûr, ce livre. Oubliez les conseils gastronomiques compliqués - nous avons créé des instructions étape par étape si précises que même votre chat pourrait les suivre (même si nous vous recommandons de le tenir éloigné de la cuisine). Pas de panique devant les catastrophes culinaires ! Avec nos recettes, même le plus grand novice en cuisine deviendra un champion des snacks. Et le meilleur dans tout ça: nos instructions sont tellement flexibles que vous pouvez les adapter facilement à vos goûts personnels. Oui, vous pouvez même ajouter l'ingrédient secret de grand-mère sans que nous le sachions ! Dans nos livres de cuisine, vous trouverez un mélange coloré de classiques traditionnels et de délices modernes. Pas d'ingrédients exotiques au supermarché ? Pas de problème ! Nous avons des alternatives astucieuses qui sont tout aussi savoureuses, mais qui n'épuiseront ni votre patience ni votre budget. Alors, attrapez un tablier et une cuillère - et plongez dans le monde merveilleux des hors-d'oeuvre et des snacks. Qui sait, votre prochaine soirée cuisine pourrait se terminer par des applaudissements et des ovations debout !",9798328803939
Cuisine mon livre de recettes | 60 fiches,Tous dans la Cuisine,"Ce livre de recettes à remplir est le cadeau parfait pour tous les amoureux de la cuisine et chef(fe)s en herbe ! Avec ses 129 pages, ce carnet de recettes comprend un index de recettes, 5 pages de notes, 60 fiches recettes numérotées nom de rcette - type de plat - nombre de parts temps de préparation - temps de cuisson note / niveau de difficulté / budget liste d'ingrédients instructions Format : 21,59 X 27,94 cm | 129 pages | couverture souple",9781673989441
Ma pâtisserie healthy,Hervé Cuisine,"Saviez-vous qu’il était possible de réaliser de délicieux brownies avec de la patate douce et des haricots rouges ? Que la courgette remplace subtilement le beurre dans un gâteau au chocolat ? Que l’on peut préparer un clafoutis aux cerises 100 % végétal et des moelleux aux abricots à base de pois chiches ? À travers 60 recettes plébiscitées par ses fans ou totalement inédites, Hervé Cuisine nous apprend à utiliser des aliments souvent méconnus ou boudés des pâtissiers : légumes, laits et jus végétaux, sucres non raffinés, purées et pâtes de fruits... Au programme : des classiques végétalisés, des gâteaux ultra gourmands à base de légumes, des desserts et gâteaux pauvres en matières grasses et sucres, des en-cas veggies riches en protéines, des desserts crus et sans cuisson, ainsi que des aides culinaires.",9782226464095
Leçons de cuisine - cuisine asiatique,Collectif,"80 recettes pour un tour d'Asie en cuisine ! 80 recettes pour un tour d'Asie en cuisine ! Leçons de cuisine - Cuisine d'Asie, ce sont : • 10 techniques de base illustrées étape par étape pour devenir un pro de la cuisine asiatique : plier les nems, découper le poisson pour réaliser sushis et sashimis, cuire le riz gluant... • 80 recettes gourmandes et faciles, des astuces et variantes : boulettes de porc vapeur, riz sauté aux légumes croquants, boulettes de poisson au bouillon de gingembre, pad thaï... Toutes ces recettes ont été testées et photographiées pour vous. Redécouvrez la fraîcheur et la gourmandise de la cuisine asiatique !",9782754073981
La cuisine ancienne,Eloïse Ferreira,"Bienvenue dans LA CUISINE ANCIENNE: Cuisiner avec des ingrédients traditionnels, un chef-d'oeuvre culinaire qui vous invite à vous lancer dans un voyage sensoriel à travers la riche tapisserie de l'histoire culinaire. Dans un monde où les tendances vont et viennent, il y a quelque chose d'intemporel et de profond dans les saveurs qui ont résisté à l'épreuve du temps: des saveurs qui sont tissées dans le tissu de notre patrimoine culinaire collectif. Ce livre de recettes n'est pas simplement un recueil de recettes; c'est une célébration des histoires, des traditions et des goûts qui ont été préservés avec amour et transmis de génération en génération. Alors que nous entrons dans le royaume de LA CUISINE ANCIENNE, imaginez une cuisine remplie d'échos de rires, de murmures de secrets de famille et d'arômes qui vous transportent au coeur de souvenirs précieux. Chaque recette de cette collection témoigne de la résilience des ingrédients qui ont résisté au temps, emportant avec eux les histoires des agriculteurs, des cuisiniers et des générations de familles qui ont nourri et entretenu ces trésors culinaires. Dans cette exploration culinaire, nous plongeons dans les racines de la saveur, révélant l'essence d'ingrédients anciens qui ont été soigneusement cultivés et transmis, souvent de graine en graine. Ce n'est pas seulement un livre de recettes; c'est une expérience immersive dans le monde de l'héritage culinaire, où l'alchimie de la cuisine est une forme d'art qui nous relie à nos racines et aux traditions qui définissent notre identité culinaire. Que vous soyez un chef expérimenté ou un novice en cuisine, LA CUISINE ANCIENNE est votre guide pour cuisiner avec intention et savourer la profondeur des saveurs que seuls des ingrédients traditionnels peuvent offrir. Rejoignez-moi pour redécouvrir la joie de cuisiner comme un acte de narration, où chaque plat est un chapitre du livre de notre patrimoine culinaire. Alors, que le voyage commence: un voyage à travers 100 plats riches et savoureux qui comblent le fossé entre le passé et le présent, nous connectant aux goûts qui ont façonné nos cultures et nos communautés. Que votre cuisine soit remplie non seulement de l'arôme des casseroles qui mijotent, mais aussi des échos d'histoires racontées à travers le langage culinaire. Bienvenue dans une cuisine où les ingrédients traditionnels ne sont pas seulement des composants d'une recette mais sont également porteurs de tradition, de saveur et de l'esprit durable de l'excellence culinaire.",9781836879497
Mon carnet de recettes,Amour de cuisine,Carnet de recettes de cuisine pratique facile d'utilisation qui vous permet de répertorier toutes vos meilleures recettes. 100 recettes vierges à remplir pour votre plaisir et celui de vos proches qui pourront pleinement profiter de vos talents. Une idée de cadeau très appréciable pour des passionnés de cuisine.,9798640918779
Mon carnet de recettes,Cuisine Inspiration,"Vous êtes passionnés de cuisine ? Vous aimez créer des plats délicieux ? Mais vous vous sentez désorganisé(e) ? Est-ce que vos recettes sont éparpillées un peu partout sur des papiers volants ? Si vous avez répondu oui, à au moins l'une de ces questions, alors Notre produit représente la solution. Créer un livre de recettes devient quelque chose de très facile avec ce cahier de recette, Fiches de recette de cuisine à remplir pour conserver ses recettes préférées. Ce carnet de recettes est très utile pour tous ceux qui aiment cuisiner, mais c'est également une idée cadeau très original. Les pages de ce carnet, élégamment arrangées, n'attendent que d'être couvertes de vos recettes. Donne une note a notre produit ça nous fera un grand plaisir :).",9798636820925
Mes recettes préférées,Sarah Cuisine,"""Mes recettes préférées"" est votre fil d'Ariane, un mémento pour passionné de cuisine. Un bloc notes à la hauteur de votre exigence. Simple et facile à utiliser, il sera votre compagnon lors de votre parcours culinaire. Un bloc à remplir, qui vous évitera de perdre vos notes sur le bout de papier de la superbe recette de cuisine transmise par vos amis lors du dernier repas.Il vous facilitera vos notes par des rubriques facilement repérables.Bon appétit",9798605327400
Mes recettes,Ma cuisine que je souhaite transmettre,Cahier de recettes de cuisine à remplir qui permet d'archiver les meilleures recettes que vous souhaitez refaire ou transmettre. Elles seront concentrées dans un même endroit et les instructions complètes à remplir garantissent à quiconque se sert de ce cahier de pouvoir refaire la recette souhaitée.,9798616004598
"Cuisiner en tous temps, en tous lieux",Jean-Philippe Derenne,"Jean-Philippe Derenne propose ici un livre révolutionnaire fondé sur un nouveau mode de cuisson. Avec une simple bouilloire, n’importe qui peut préparer n’importe où des plats délicieux et diététiques. Il suffit de placer des ingrédients dans un sachet en plastique de type congélation puis de déposer celui-ci dans un récipient en plastique, de verser l’eau bouillante, de respecter le temps de cuisson – quelques minutes au maximum – et le plat est prêt ! Cette méthode de cuisson, d’une extrême simplicité, permet de respecter la saveur et les qualités nutritionnelles des ingrédients, sans ajout de corps gras, sans casserole, poêle ni feu de cuisson. Ainsi, en tous temps, en tous lieux, les lecteurs de ce livre détiendront les secrets d’une nouvelle manière de cuisiner, plus facile, plus économique, et surtout plus savoureuse. Le célèbre chef étoilé de L’Arpège, Alain Passard, séduit par cette technique, s’est amusé à élaborer deux recettes totalement inédites. Outre ses 450 recettes, cet ouvrage se lit également comme une encyclopédie amoureuse des produits et de la manière dont, depuis la Babylone antique, on les prépare et on les déguste. Après L’Amateur de cuisine et La Cuisine vagabonde, il constitue le dernier tome du cycle culte de L’Amateur de cuisine. Une cuisine inventive qui ravira les amateurs éclairés, toujours à la recherche d’une innovation, comme ceux que l’idée de préparer des plats trop sophistiqués rebute a priori.",9782213659473
Les essentiels de l'école de cuisine alain ducasse,Alain Ducasse,"Apprenez à maîtriser les essentiels de l'Ecole de Cuisine Alain Ducasse ! Grâce aux cours de cuisine en pas-à-pas illustrés du Chef Romain Corbière, découvrez les 10 meilleures recettes enseignées à l'École de Cuisine Alain Ducasse : déroulés de recettes, astuces et conseils sur les produits phares de l'école, ainsi que les justes techniques qui y sont associées. Le Risotto aux asperges vertes, le Rouget poêlé tomate, olive, basilic ou encore la Tarte citron, basilic n'auront plus de secret pour les initiés ou les amateurs.",9782841235315
Recettes de cuisine traditionnelle de gibiers,"Auguste Escoffier, Pierre-Emmanuel Malissin","Retrouvez dans le Tome XIX Recettes de Cuisine Traditionnelle de Gibiers, les vrais recettes originales de Chevreuil, Lievre, Faisans, Grives Cailles... L'auteur est un des plus grand cuisinier du XXe siècle, un livre indispensable dans sa cuisine pour découvrir ou redécouvrir ses recettes. Certaines recettes sont illustrées et annotées. Note sur l'édition : Auguste Escoffier fut un des plus grands cuisiniers du siècle dernier, son livre phare ""Ma cuisine"" édité en 1934 est toujours la bible de référence des professionnels de la cuisine. Il n'était pas aisé de reproduire intégralement ce livre de 700 pages et 2500 recettes, j'ai fait le choix de le sortir en volumes thématique. En voici le Tome XIX Recettes de Cuisine Traditionnelle de Gibiers recette originale tirée du livre ""Ma cuisine"". Disponible dans la même collection : Tome 1 Recettes de Compotes, Confitures et Gelées Tome II Recettes de Beignets et Puddings Traditionnels Tome III Recettes de potages, crèmes et soupes traditionnelles Tome IV Recettes de sauces Tome V Recettes de Hors-d’oeuvre Tome VI Recettes Oeufs et Omelettes Tome VII Recettes de Farces et Garnitures Tome VIII Recettes de Poissons d'eau douce Tome IX Recettes Poissons de mer Tome X Recettes de Coquillages et Crustacés Tome XI Recettes de Cuisine Traditionnelle de Viande de Boeuf Tome XII Recettes de Cuisine Traditionnelle de Viande de Veau Tome XIII Recettes de Cuisine Traditionnelle de Viande d’Agneau et de Mouton Tome XIV Recettes de Cuisine Traditionnelle de Viande de Porc Tome XV Recettes de Cuisine Traditionnelle de Poularde et Chapon Tome XVI Recettes de Cuisine Traditionnelle de Poulet Tome XVII Recettes de Cuisine Traditionnelle de Volaille (à paraitre) Tome XVIII Recettes de Cuisine Traditionnelle de foie gras Tome XIX Recettes de Cuisine Traditionnelle de Gibiers",9782365042529
Cuisine de bébé,"Geneviève Hamelin, Robert Hamelin","Alors qu'aucun livre de cuisine n'a jamais réservé de chapitre spécial à la cuisine de bébé, ce livre-ci lui est entièrement consacré. C'est que bien des femmes ignorent les rudiments de la cuisine classique, et que les jeunes mamans sont souvent embarrassées lorsqu'il s'agit de mettre en pratique les prescriptions du médecin. Ce livre — le premier du genre — rassemble donc, de façon claire et précise, tout ce qui concerne la préparation des aliments donnés au bébé, depuis sa naissance jusqu'à l'âge — dix-huit mois environ - où son alimentation s'apparente à celle de l'adulte. Les auteurs — un médecin spécialiste accoucheur et une mère de famille expérimentée — se sont attachés à simplifier au maximum la tâche de la jeune mère, en respectant les impératifs qu'impose la médecine à l'élaboration de la cuisine de bébé.",9782701603421
Le carnet du chef,carnet cuisine,"Il est alors peut-être temps d'écrire votre propre livre de cuisine. Créer un livre de recette devient quelque chose de très facile avec ce cahier de recette. Le meilleur livre de recette n'est pas toujours celui des grands chefs, c'est une affaire de goût et qui connait mieux vos goûts que vous-même ? La prochaine fois vos invités vous demanderont où vous avez trouvé la recette de votre délicieux plat vous pourrez leurs répondre « ce sont mes recettes de mon livre de recette ».Ce livre n'est pas uniquement un cahier de recettes de cuisine, c'est également un album photo où vous pourrez mettre les photos de vos meilleures recettes. Les pages du livre ont suffisamment d'espace pour pouvoir rédiger facilement vos recettes. Toutes les pages sont structurées comme celles d'un livre de cuisine classique, afin de faciliter la rédaction et la lecture de vos recettes.",9798578384547
Les recettes de maman,Cuisine Moderne,"Vous êtes passionnés de cuisine ? Vous aimez créer des plats délicieux ? Est-ce que vos recettes sont éparpillées un peu partout sur des papiers volants ? Si vous avez répondu oui, à au moins l'une de ces questions, alors Notre produit représente la solution ! Créer un livre de recettes devient quelque chose de très facile avec ce cahier de recettes a personnalisé. Ce carnet est très utile pour tous ceux qui aiment Collectionner Les meilleures recettes. Constituer votre propre collection de recettes. Cadeau idéal pour un anniversaire, Noël, la fête des mères, la fêtes des grands-mères. Cadeau parfait pour les amoureux de la bonne cuisine maison. Ce carnet comporte : 120 fiches de recettes. Le titre de la recette souhaitée. Les ingrédients. Les étapes à suivre. Le temps de préparation. Le temps de cuisson. Une partie notes & astuces afin d'améliorer ou de varié vos recettes. Donne une note a notre produit ça nous fera un grand plaisir.",9798640303889
Les 12 ingrédients qui changent tout en cuisine,Anna Jones,"La cheffe sélectionne 12 ingrédients clés qui changent tout en cuisine. Parmi eux, le citron, l’huile d’olive, la moutarde, le tahini et bien d’autres. Elle propose 125 plats inédits qui rejoindront rapidement vos recettes préférées, comme le pilaf doublement citronné et amandes au beurre, le dahl à la citronnelle, à l’ail et aux feuilles de curry, les udon au miso aux noix, ou encore la tarte aux pommes à la frangipane de tahini. Vous trouverez également des conseils pratiques sur l’assaisonnement et l’aromatisation des plats, ainsi que de nombreuses idées de substitutions végétariennes inestimables. Les 12 ingrédients qui changent tout en cuisine deviendra votre référence pour la préparation de plats savoureux, simples, rapides et qui promettent des succès culinaires quotidiens.",9782383385271
Les recettes de maman,Cuisine Inspiration,"Vous êtes passionnés de cuisine ? Vous aimez créer des plats délicieux ? Est-ce que vos recettes sont éparpillées un peu partout sur des papiers volants ? Si vous avez répondu oui, à au moins l'une de ces questions, alors Notre produit représente la solution ! Créer un livre de recettes devient quelque chose de très facile avec ce cahier de recettes a personnalisé. Ce carnet est très utile pour tous ceux qui aiment Collectionner Les meilleures recettes. Constituer votre propre collection de recettes. Cadeau idéal pour un anniversaire, Noël, la fête des mères, la fêtes des grands-mères. Cadeau parfait pour les amoureux de la bonne cuisine maison. Ce carnet comporte : 120 fiches de recettes. Le titre de la recette souhaitée. Les ingrédients. Les étapes à suivre. Le temps de préparation. Le temps de cuisson. Une partie notes & astuces afin d'améliorer ou de varié vos recettes. Donne une note a notre produit ça nous fera un grand plaisir.",9798637256112
Il était une fois la cuisine chinoise,Hannah CHE,"DÉCOUVREZ LA CUISINE TRADITIONNELLE ET MODERNE CHINOISE À TRAVERS PLUS DE 100 RECETTES VÉGÉTALES, FRAÎCHES, PLEINES D’UMAMI, DE LÉGUMES ET DE SAVEURS ; PLONGEZ-VOUS DANS L’HISTOIRE CULINAIRE CHINOISE ET SA PRATIQUE, FACILITÉE PAR DE NOMBREUX CONSEILS ET ASTUCES POUR APPRENDRE À MAÎTRISER CETTE CUISINE MILLÉNAIRE.",9782383385301
Le singe cuisinier,Alexandre Stern,"La cuisine n’est pas seulement l’une des pratiques qui nous distingue de l’animal, elle est sans doute à l’origine de ce qui fait notre spécificité d’êtres humains. Depuis plus de 2 millions d’années, notre façon de choisir et de préparer nos aliments nous a façonnés durablement, aussi bien sur le plan physiologique que culturel. Pourtant nous assistons aujourd’hui à la désinvention des pratiques culinaires patiemment accumulées depuis des millénaires. Dans ce contexte, que nous apprend le passé ? À travers le panorama de l’évolution de la cuisine – depuis les sociétés de chasseurs-cueilleurs jusqu’à l’industrialisation de l’alimentation –, l’auteur met en perspective l’origine de nos comportements alimentaires et nous permet de nous interroger sur ce que désormais nous voulons manger. La grande épopée humaine contée à travers la cuisine pour découvrir tout ce que la transformation des aliments a apporté à l’humanité. Alexandre Stern est entrepreneur, consultant et écrivain. Passionné par l’histoire du goût et de l’alimentation et membre du Collège culinaire de France, il partage ses activités entre le développement de sa maison de gastronomie, le conseil auprès des entrepreneurs et l’écriture. Alexandre Stern est ancien élève d’HEC, de New York University et de l’Insead. Il est également l’auteur du livre L’Explorateur du goût (Ducasse Édition).",9782738151995
"Yvonne gibertie,la cuisine des femmes en périgord",Patrice Gibertie,"Je devais cet ouvrage à Maman et aux générations de femmes qui de 1780 à 1980, inventèrent la gastronomie du Périgord. Elle me fit revivre le Périgord de mon enfance, l'aristocratie de ces femmes simples qui cuisinaient si bien. Pour une moitié de sa vie, ma mère a subi la pesanteur du destin, la misère du temps des croquants, mais elle a également vécu les fêtes d'antan. Puis elle a tout bousculé et s'est affranchie des fatalités. Je ne fus que le témoin de cette métamorphose, celle d'une paysanne devenue par son travail une restauratrice reconnue. Vous ne comprendrez rien à notre Science de Gueule si vous ignorez que la cuisine paysanne est celle d'un pays pauvre qui oubliait la misère dans l'abondance des jours de fêtes. Tout naquit de cette sociologie originale aujourd'hui disparue . La gastronomie du Périgord est la clef de voûte d'une harmonie entre une civilisation rurale et des produits d'exception qui engendraient de beaux paysages.",9791095867166
Chinatowns,Jean-François Mallet,"Manger dans un ""chinois"" ! À Paris, à Montréal, à New York, on a tous mangé chinois... À moins que ce ne fût thaï, ou vietnamien, ou cambodgien, on ne sait plus... Chaque fois, ce fût une expérience différente. Les communautés asiatiques ont l'art d'adapter leurs menus aux pays qui les accueillent. Grand reporter et ancien chef de cuisine, Jean-François Mallet a voulu comprendre les ressort de ces métamorphoses. D'un chinatown à l'autre, il s'est glissé dans les coulisses du Nouvel An chinois à Manhattan, dans les arrière-cours de la rue Saint Denis de Montréal, il a assisté à la préparation des canards laqués dans les cuisines de Belleville et du 13ème arrondissement de Paris. Il a réussi à se faire accepter par cette communauté discrète, et à photographier des instants rares. De ce grand voyage... à nos portes, il a rapporté 100 recettes délicieuses et faciles à préparer, qui nous en disent autant sur nous que sur ces goûts réputés... exotiques. Dis-moi ce que tu manges, je te dirai qui tu es...",9782012318953
Recettes petits prix,"Cuisine et Vins de France,","Une entrée, un plat, un dessert pour moins de 6 € par personne, voilà le pari que vous propose Cuisine et Vins de France avec ses idées gourmandes à petits prix. Accompagnant chaque recette, son coût est clairement indiqué pour vous permettre de composer des menus à votre convenance et de régaler vos amis !",9782848310596
Mon carnet de recettes,Food Cuisine,"Un carnet à remplir avec vos meilleures recettes de famille et toutes vos recettes préférées. Un carnet de 100 pages qui va regrouper toutes vos recettes que vous pourrez retrouvez en un coup de main. Son format 15,24 x 22,86 cm, vous permettra de la ranger facilement dans un tiroir de la cuisine. Il sera ainsi accessible à tout moment pour cuisiner. Un carnet qui vous aidera à organiser vos recettes. Le carnet est facile à remplir, vous devrez noter : - le titre de la recette - les ingrédients - la méthode de préparation - 2 pages pour 1 recette. Cela vous laisse la place nécessaire pour noter tous les détails de votre recette. C'est aussi un avantage pour ceux et celles qui ont une grosse écriture. - Vous pouvez également spécifier si votre recette est végétarienne, vegan, sans gluten, sans lactose ou autres. Ces informations sont relativement utiles si vous cuisinez pour des personnes qui ont des modes alimentaires différents. Une idée de cadeau pour vos proches qui aiment la cuisine ou tout simplement un cadeau à s'offrir à soi-même.",9798767373161
La bible top chef des recettes de cuisine traditionnelles,Philippe Da Cruz Lisboa,"Le guide incontournable des recettes de cuisine traditionnelles, incluant 92 recettes détaillées et illustrées du monde entier !Découvrez à quel point la cuisine traditionnelle est simple et délicieuse. Le livre de recettes traditionnelles du monde offre des prises rapides et faciles sur les plats mondiaux classiques, tous conçus pour être cuisinés chez vous.Que vous soyez novice dans la cuisine ou que vous souhaitiez expérimenter à la maison, Cet ouvrage simplifie les choses avec des recettes rapides et à ingrédients limités pour tout. La bible Top Chef des recettes de cuisine traditionnelles comprend plus de 100 recettes authentiques, donc nottemment les titres suivant: BARRIEN D' AGNEAUCERF FUMÉMASSAMAN AU CURRYPORC CHA SHAOBOEUF JAPONAISBBQ D'AGNEAU D'AFRIQUE DU SUDDÉCOUPÉ DE PORC AVEC RAS EL KHANUTBOULETTES DE VIANDE LIBANAISES AUX PIGNONSSTEAK RIBAI AVEC MÉLANGE DE BAKHARATGRAND KARA DANS UN MÉLANGE DE ZATAR ET D'HERBES ÉPICÉES",9798680096802
Mon premier larousse de la cuisine autour du monde,"Agnès Besson, Clémentine Derodit","Plus de 20 recettes sucrées et salées faciles à réaliser par les enfants grâce aux étapes très illustrées. Un tour du monde gustatif ! Pour servir de référent, l’utilisation proposée d’un verre à moutarde « doseur », objet basique dans une cuisine, permet de ne rien peser. Matériels et ingrédients sont présentés en début de recettes, accompagnés d'une belle photo du plat « fini ». Exemples de recettes : le taboulé du Liban, le guacamole du Mexique, le tajine de poulet aux abricots et amandes du Maroc, les lamingtons d'Australie, les scones du Royaume-Uni, etc.",9782036072237
Je cuisine les plantes sauvages : 37 recettes de soupes savoureuses pour émerveillez vos papilles et faire le plein de vitamines,Jonathan La nature comestible,"Bienvenue dans l'univers merveilleux de la cuisine des plantes sauvages ! Si vous cherchez des recettes originales et saines à base de plantes sauvages comestibles, ce livre est fait pour vous. Avec ses 37 recettes de soupes savoureuses, ce guide complet vous apprendra à cuisiner ces plantes souvent négligées, mais pourtant pleines de saveurs et de bienfaits pour la santé. Les recettes sont simples et faciles à suivre, même pour les débutants en cuisine. Nous avons soigneusement sélectionné les meilleures recettes de soupes à base de plantes sauvages comestibles, pour vous offrir une expérience culinaire unique. Laissez-vous séduire par notre soupe de plantain et pommes de terre, qui est non seulement délicieuse, mais aussi bénéfique pour la digestion. Ou essayez notre soupe de feuilles de violettes et chèvrefeuille, qui vous apportera une explosion de saveurs en bouche. Chacune de nos recettes de soupes vous invite à découvrir un monde de saveurs insoupçonnées. En plus des recettes de soupes, ce livre est une mine d'informations sur la cuisine des plantes sauvages et leurs bienfaits pour la santé. Vous y trouverez des astuces pour bien les choisir, les préparer et les conserver, ainsi que des conseils pour les intégrer dans votre alimentation quotidienne. La cuisine des plantes sauvages n'aura plus de secrets pour vous. Ne manquez pas l'occasion de découvrir lacuisine des plantes sauvages avec ce livre de recettes de soupes. Émerveillez vos papilles et faites le plein de vitamines tout en découvrant de nouvelles saveurs. Intégrez les plantes sauvages comestibles dans votre alimentation et prenez soin de votre santé en toute simplicité. La cuisine des plantes sauvages est une façon de renouveler votre cuisine avec des ingrédients sains et originaux. Alors, ne tardez plus et plongez dans notre univers de recettes de soupes à base de plantes sauvages comestibles. Cliquez dès maintenant sur ""Acheter en 1-Click"" et recevez immédiatement votre livre de recettes de soupes à la cuisine des plantes sauvages. Vous allez adorer les saveurs uniques et les bienfaits pour votre santé.",N/A
Le grand livre de la cuisine française,Jean-François Piège,"Réunissant les grandes recettes classiques du patrimoine culinaire français, Le Grand Livre de la cuisine française, recettes bourgeoises et populaires est une bible de près de 1 000 recettes qui deviendra rapidement une référence et un indispensable dans vos cuisines. Des préparations les plus basiques comme la vinaigrette, le beurre blanc ou la mayonnaise, aux plats les plus élaborés tels que la Sole meunière, la Terrine de lapin en gelée ou les Côtelettes d’agneau Champvallon, en passant par ceux qui ont été oubliés comme la Darne de saumon sauvage au chou, le Grenadin de veau à la Zingara ou encore l’Ambassadeur. Jean-François Piège propose, à travers ces recettes inspirées de l’histoire et du territoire, un livre alliant à la fois techniques de réalisation et recettes emblématiques de la cuisine traditionnelle française. Auguste Escoffier disait « La bonne cuisine est la base du véritable bonheur. » L’ambition du Chef est toujours la même : transmettre, en toutes occasions, la volonté de faire plaisir à travers la cuisine française.",9782017120155
Les français et la table,Alain Drouard,"Présente les grandes étapes de l'histoire de l'alimentation en France dans les différentes couches de la société. Etudie l'évolution du régime alimentaire, des techniques de préparation et de conservation des aliments, du statut des cuisiniers, du goût, etc. -Electre 2018",N/A
Nistisima,Georgina Hayden,"Nistisima signifie « nourriture de Carême », une nourriture consommée par les personnes de confession orthodoxe. La plupart du temps, cela implique de renoncer à la viande et aux produits laitiers et d'utiliser des légumes, des légumineuses et des céréales pour créer des plats faciles et délicieux. Dans ce livre, Georgina s'appuie sur l'histoire et la culture de la cuisine ""nistisima"" en Méditerranée, au Moyen-Orient et en Europe de l'Est pour partager 120 recettes.",9782383383581
Convenience food facts,"Arlene Monk, Nancy Cooper","If you think food labels were the final answer to making healthful food choices in the supermarket, Convenience food Facts will convince you otherwise. It makes shopping for convenience foods...convenient!",9781885115362
Ici toutes mes recettes,Top cahier Top cahier de cuisine,"Ce carnet original est spécialement réalisé pour vos repas préférés et partager aux autres membres de la famille.Les pages de recettes sont pourvues de parties lignées pour :- Date- Nom de recette- Types de recette- Temps de préparation- Temps de cuisson- Température- Composants- Préparation- NotesCe cahier de 7.5 x 9.25 pouces, assez grand et léger, offre de la place pour 100 recettes.",9798629658672
J'aime et je cuisine la courgette,"Thomas Aleth, Stéphanie Gentilini","Idéal pour les amoureux de la courgette ! La courgette est un légume riche en vitamines, minéraux et oligoéléments. Découvrez 30 recettes savoureuses pour la cuisiner en toute simplicité. Des plus classiques aux plus originales, découvrez de nouvelles façons de cuisiner la courgette : courgettes à la grecque, parmentier de courgettes à la provençale, tarte de courgettes, feta et pignons, courgettes farcies à la feta, tajine de courgettes au poulet, moussaka de courgettes, crumble de courgettes aux tomates confites, tagliatelles aux courgettes et basilic... Quand on aime, on cuisine !",9782815302807
Mes recettes préférées,Cahiers de cuisine,"Commencer votre expérience culinaire avec beaucoup d'amour ! On vous propose un cahier de recettes à remplir, idéal pour recueillir votre collection de douceurs, mentionner vos modifications et apporter votre touche sucrée et salée avec beaucoup de gourmandise, vous pouvez ainsi organiser vos repas préférés et les faire découvrir aux membres de votre famille et amis. Avec ce cahier de recette, créer ses recettes personnelles devient quelque chose de très facile et de sympa, ça vous permet de mettre fin aux recettes notées sur des feuilles volantes qui s'accumulent dans les tiroirs de votre cuisine. Voici la disposition des pages de ce livre : - Le titre de la recette. - Une rubrique pour écrire les ingrédients. - Une rubrique pour rédiger les étapes de préparation. - Un paragraphe pour mentionner les instructions à suivre à la prochaine préparation, mettre une photo et vos remarques Des casses à remplir comme : -La durée de cuisson. -Le temps de préparation. -Le nombre de personnes. -La notation de la recette. -Calendrier 2021 à 2026. -Tableau de conversion en cuisine. -Organisateur de menu de la semaine. Un beau cadeau pour devenir un chef cuisinier !",9798546070472
La bonne cuisine et les autres,Pierre-Marie Doutrelant,"Pierre-Marie Doutrelant, gourmand comme pas un, rentre d'un tour de France des bonnes tables — et des autres. Il lui vient un terrible soupçon : et si notre vraie cuisine fichait le camp ? Question saugrenue alors que, de partout, montent des cantiques à la table ; alors que journaux, éditeurs, médias concélèbrent la bonne chère comme rarement on le fit en France. La gastronomie devenue phénomène de masse : voilà ses chefs promus stars du chaud business. Ce tohu-bohu, hélas, dissimule des vérités plus navrantes. Primeurs de la Nouvelle Cuisine, bavards du fourneau, maniaques du surgelé, attrape-gogos, barbares du fast food ou de l'épate sont arrivés. Ils tiennent la queue de la poêle. Finiront-ils par tuer à petit feu ces ""succursales de la bonne cuisine franchouillarde, fumantes telle une choucroute alsacienne, bruyantes comme un cassoulet occitan, requinquantes tel un gras-double à la lyonnaise ?"" Ces tables où pour une addition de cent francs, soupire Doutrelant, c'était le pied sous la table, les yeux dans la chopine, bref, la France plantureuse qu'on rêvait éternelle ! L'auteur, qui publia en 1976 un best-seller, les Bons Vins et les Autres, a sillonné l'Hexagone, soulevé les couvercles, humé les sauces, tâté les poulardes, écouté les grands cuisiniers. Entre deux impertinences, il vous donne ses bonnes adresses. Il en reste. Bon appétit !",9791036912818
S'orienter dans la vie : une valeur suprême ?,Francis Danvers,"L'orientation scolaire et professionnelle, l'orientation des adultes et la formation tout au long de la vie sont approchées ici selon les dimensions sociopolitiques, locales et internationales, pédagogiques, économiques et psychologiques. Cet ouvrage ouvre également sur la notion éthique de responsabilité des personnes dans leur auto-orientation, sans esquiver les discriminations, conflits et paradoxes liés à la question du sens de la réussite dans la vie",9782757400777
Psychopathologie,"Jeffrey S. Nevid, Spencer Rathus, Beverly Greene","Ce manuel illustré de nombreux cas cliniques et adapté aux spécificités françaises offre une approche plurielle, riche et actuelle de la psychopathologie.",9782744073588
Psychologies pour la formation,"Philippe Carré, Patrick Mayen","Cet ouvrage est une introduction à l’œuvre d’une douzaine de grands auteurs de la psychologie francophone et anglophone : il présente les principaux concepts de leurs constructions théoriques et une analyse de leur actualité. Chaque chapitre est rédigé dans une visée d’usage pour les pratiques de la formation des adultes, selon la structure suivante : aperçu biographique de l’auteur et contexte de son œuvre ; présentation de la construction théorique et des concepts-clés ; critiques, succession et actualité de la pensée de l’auteur ; inspirations, implications et importance pour les pratiques de formation.",9782100799244
Psychologie positive,"Charles Martin-Krumm, Cyril Tarquinio","Lorsqu'il est question de psychologie positive, il n'est pas uniquement question de psychologie ou de ""choses positives"".Cet ouvrage rassemble 14 contributions issues de la philosophie, de la sociologie, de la psychologie, de la médecine et de l'économie, dans une double perspective : celle du fonctionnement optimal des personnes et de leur bien-être et celle de la prise en charge de leur souffrance psychologique. Un état des lieux des savoirs académiques sur une discipline qui a acquis sa légitimité et qui se développe dans tous les domaines.",9782100796922
Introduction à la psychologie jungienne,Carl Gustav Jung,"En 1925, alors qu’il est accaparé par la rédaction de son Livre rouge, C. G. Jung présente une série de séminaires en anglais au cours desquels il évoque pour la première fois en public son attirance pour le spiritisme, les expériences qu’il en eut, sa rencontre avec Freud, la genèse de sa psychologie et l’expérimentation de ce qu’il a appelé sa « confrontation avec l’inconscient ». Il expose ses idées générales sur les archétypes de l’inconscient collectif, la typologie psychologique et les éléments contrasexuels de la personnalité, l’anima et l'animus, s’appuyant aussi bien sur des cas d’analyse, des discussions sur l’art contemporain que sur l’analyse psychologique de romans populaires. Les notes de ce séminaire constituent le seul écrit biographique de Jung publié à ce jour et rendent compte, de manière claire, de l’essentiel de sa « pensée ». Cette édition révisée est enrichie de notes additionnelles et d’une introduction de Sonu Shamdasani, éminent spécialiste de l’histoire de la psychologie et éditeur du célèbre Livre rouge. Document exceptionnel, le Séminaire de 1925 devrait se trouver entre les mains de quiconque se réclame de l’exemple jungien.",9782226339102
Pratique et théorie de la psychologie individuelle comparée,Alfred Adler,"Dans ""Pratique et théorie de la psychologie individuelle comparée"" d'Alfred Adler, l'auteur présente les principes fondamentaux de sa psychologie individuelle, une approche novatrice dans le champ de la psychologie. Adler propose une vision holistique de l'individu, mettant l'accent sur le rôle central de la motivation sociale dans le développement de la personnalité. Les chapitres I à XIV abordent les concepts clés de la psychologie individuelle, tels que le sentiment d'infériorité, la compensation, la téléologie, et la compréhension du style de vie individuel. Adler explore également la dynamique des relations sociales, la notion de communauté humaine et la façon dont les individus s'adaptent et réagissent à leur environnement. L'approche d'Adler a eu une influence significative dans le domaine de la psychologie, offrant une alternative à la théorie freudienne dominante à l'époque. Sa perspective centrée sur la recherche de sens, la coopération sociale et le développement individuel continue d'inspirer la psychologie contemporaine.",9791041958252
La formation en psychologie,Patricia Mercader,"Traite de la formation universitaire en psychologie, de ses fonctions pédagogiques et de transmission d'une culture. Propose une analyse historique et institutionnelle du champ et des dispositifs et une analyse clinique des processus conscients et inconscients en jeu dans la formation.",9782729707538
Psychologie générale,Jean-Paul Nkongolo Mukendi,"La psychologie générale, en tant qu'ensemble cohérent des connaissances des sous-disciplines de la psychologie, intéresse toute personne désireuse de comprendre son comportement et/ou celui de l'autre. Le comportement humain est décrit comme un ensemble des réactions complexes qui découlent des stimuli et qui sont orchestrées savamment dans la boite noire. Cette dernière imprime au comportement sa dimension singulière et différentielle. Elle est composée d'un système cognitif qui collecte les informations, les traite et les interprète ; d'un système affectivo-émotionnel qui imprime une valeur personnelle aux données de l'environnement ; et enfin d'un système motivationnel qui déclenche et oriente l'échange avec le milieu.",9782140167393
L'aide-mémoire de psychologie médicale et psychologie du soin,Antoine Bioy,"Le soignant, qu’il soit médecin ou professionnel du secteur para-médical, est confronté quotidiennement aux difficultés psychologiques de ses patients. Également, il effectue des actes qui ont une résonance et des implications importantes sur le plan psychique (manipulation d’un corps en vue d’un dépistage, impact d’un entretien d’annonce, etc.). Or paradoxalement, la psychologie est pratiquement absente des formations de soignants, particulièrement en ce qui concerne les études médicales. Ils se trouvent ainsi souvent démunis face à ce qu’ils observent, qu’il s’agisse d’un trouble psychique en tant que tel ou même un refus de soin qui semble non motivé. Cet ouvrage a pour objectif de pallier des difficultés récurrentes dans la profession de soignant, lorsque la pratique rejoint des préoccupations d’ordre psychologique.",9782100579082
Psychologie de la couleur,Eva Heller,"Eminemment subjectives, les couleurs appellent une palette d'effets et d'émotions fondée sur des expériences communes, profondément ancrées dans le langage et la pensée. Psychologie de la couleur, effets et symboliques se présente comme un recueil d'informations historiques, sociales, politiques et stylistiques sur les couleurs. Près de 160 émotions et effets vers ont ainsi été répertoriés; de l'amour à la haine, de l'élégance à la laideur, de l'optimisme à la tristesse, de la modernité à l'obsolescence. Outre la richesse d'informations sur les propriétés des couleurs, cet ouvrage regorge d'anecdotes et de faits historique permettant de saisir la genèse des symboliques des couleurs. De célèbres théories, comme celle de Goethe, sont explicitées dans un langage clair et didactique. Psychologie de la couleur, effets et symboliques s'adresse à quiconque travaille avec les couleurs, qu'il soit artiste, art-thérapeute, designer, concepteur architecte d'intérieur ou créateur de mode.",9782350171562
Psychologie sociale,Jean-Pierre Pétard,"Présentation des savoirs à connaître en psychologie sociale comme penser en groupe, la pensée et la mémoire sociale, les représentations sociales, les psychologies sociales du langage, les interactions langagières, la discrimination et le langage, ainsi que les normes sociales. Cette nouvelle édition présente une structure plus claire, avec des données scientifiques et pratiques actualisées.",9782749506043
La psychologie des peuples,Abel Miroglio,"Cet ouvrage est une réédition numérique d’un livre paru au XXe siècle, désormais indisponible dans son format d’origine.",9782130776314
Psychologie et médecine,Jacques Corraze,"Qu’il s’agisse des facteurs responsables des maladies — aujourd’hui les dix principales causes de décès sont partiellement dépendantes des comportements —, des défenses vis-à-vis d’elles, de l’ensemble des relations avec le praticien, de la poursuite et de l’observation du traitement comme des conduites quotidiennes, la psychologie est partie intégrante de la médecine. Trop longtemps vouée aux maladies mentales et aux maladies imaginaires, la psychologie, se tient au cœur de la pathologie générale pour réduire ses risques, la souffrance, la détresse et préparer le malade à franchir toutes les étapes indispensables à sa réhabilitation alors que les progrès de la technique éloignent de plus en plus tous les facteurs humains. Ce livre fait le point sur l’ensemble de ces questions, couvertes aujourd’hui par des disciplines qui convergent : médecine psychosomatique, psychologie de la santé, santé comportementale, médecine comportementale, comportements de maladie. Il prépare le psychologue à s’ouvrir à un champ considérable d’activités et les professionnels de la santé à participer à la transformation du modèle biomédical en un modèle biopsychosocial conforme au corps actuel de nos connaissances.",9782705909000
Psychologie noire,Dylan Black,"Avez-vous déjà ressenti que quelqu un manipulait vos émotions ou influençait vos décisions à votre insu? Dans un monde où les interactions humaines deviennent de plus en plus complexes, comprendre les mécanismes de la psychologie noire est essentiel pour reprendre le contrôle de votre esprit et de vos relations. Ce livre révolutionnaire vous guide à travers les techniques d'analyse des comportements, tout en vous apprenant à vous défendre contre les pièges psychologiques comme le lavage de cerveau, les manipulations émotionnelles et les tromperies. -Décodez les intentions cachées: Apprenez à lire le langage corporel, à interpréter les signaux subtils et à détecter les mensonges. -Protégez-vous des influences néfastes: Identifiez les techniques de manipulation les plus courantes et découvrez comment y résister efficacement. -Améliorez vos relations: Établissez des limites claires et renforcez votre confiance en vous pour interagir sereinement avec les autres. -Développez votre intuition: Connectez-vous à votre instinct pour prendre des décisions éclairées et éviter les pièges des manipulateurs. Que vous cherchiez à améliorer vos relations personnelles, à réussir dans un environnement professionnel compétitif ou simplement à mieux comprendre les dynamiques humaines, ce guide vous offre des outils concrets et des stratégies éprouvées pour vous défendre et prospérer. Ne laissez plus les autres contrôler vos pensées ou vos actions. Découvrez comment vous protéger tout en développant une compréhension profonde des mécanismes psychologiques qui régissent notre quotidien. Commandez dès maintenant et prenez les rênes de votre vie.",9782810629275
La nouvelle psychologie du comportement,Simon Monneret,"La guérison des troubles psychologiques ne passe plus nécessairement par le divan du psychanalyste, ou le fauteuil du psychothérapeute. Un certain nombre d’autres voies ont été ouvertes, dont témoigne cette collection. Les cures par la parole ont longtemps dominé la psychothérapie en Europe pour des raisons historiques. À partir de Vienne, en Autriche, Freud avait diffusé une œuvre fascinante et considérable. À la même époque, aux États-Unis, un autre chercheur, John Watson, entreprenait une percée aussi originale, dans une direction différente. Le behaviorisme — ou psychologie du comportement — a reçu, depuis une trentaine d’années, des applications diverses et affirmées en psychothérapie. Dans cet ouvrage, Simon Monneret expose les principes et les résultats de ces développements, résultats particulièrement probants dans le domaine des phobies, de certaines dépressions, des troubles de la sexualit頗 de l’éjaculation précoce masculine à la frigidité féminine. Une école française est née autour des premières recherches américaines, et explore de nouvelles voies.",9782725672793
Le soi et l'identité en psychologie sociale,"Sophie Berjot, David Bourguignon","La façon dont une personne se perçoit, la manière dont elle est appelée à répondre lorsqu'elle s'interroge ou qu'on l'interroge sur son identité, font intimement partie de sa personnalité. L'ensemble des réponses à ces diverses interrogations constitue le Soi, d'un point de vue cognitif, émotionnel, comportemental et social. Cet ouvrage présente l’ensemble des éléments composant le Soi et l’identité, et détaille la façon dont ils fonctionnent et s'articulent pour l’individu. Sont ici explicités les principaux concepts et processus afin d’en faciliter l’appréhension d’ensemble par le lecteur, et lui permettre de mieux comprendre le fonctionnement humain.",9782100859276
Interactions communicatives et psychologie,"Claude Chabrol, Isabelle Olry-Louis","Un tour d'horizon de ce que la psychologie sociale, au contact d'autres disciplines, peut apporter à l'étude des interactions et des stratégies discursives à l'oeuvre dans les situations de communication sociale courante, de communication pédagogique ou de communication professionnelle. [Electre]",9782878543865
La psychologie anglaise contemporaine,Théodule Ribot,"Cette réédition dans sa version originale (1870) est un événement. Il s' agit de l' étude la plus complète encore actuellement sur la psychologie associationniste anglaise du XIXème siècle représentée à l' époque par James Mill, John Stuart Mill, Herbert Spencer, Alexandre Bain et George Lewes. Ce livre est aussi habituellement considéré comme un des premiers manifestes français de la nouvelle psychologie. Critiquant la psychologie spiritualiste de son époque, Ribot essaie de promouvoir une psychologie à caractère scientifique. Il revendique pour la psychologie le droit d' exister à côté et en dehors de la philosophie.",9782747529983
Psychologie de l'apprentissage : termes et concepts,"Gérard Malcuit, Andrée Pomerleau, Pierre Maurice","Dans le domaine particulier de l’apprentissage, il y a eu, au cours des dernières décennies, des progrès considérables qui coïncident assez bien avec l’éclatement des grandes théories (béhavioristes et cognitivistes) aux visées unitaires et exclusives. Sous les pressions conjointes de modèles cognitifs et opérants, le champ de connaissances s’est enrichi de concepts pour mieux rendre compte des conduites humaines complexes. Le présent ouvrage possède certaines particularités. Les auteurs ont opté pour une terminologie qui privilégie les relations empiriques, les opérations et les processus, s’attachant à demeurer le plus près des faits observables. Ils évitent le plus possible les explications qui ne seraient que théoriques et les confrontations théoriques. Le livre est divisé en parties. À l’intérieur de chacune, les termes et concepts s’enchaînent l’un à l’autre selon un ordre logique ou une progression qu’il convient de respecter. Cet ouvrage, à cause de son insistance sur les opérations, les procédures et l’observation, deviendra un outil utile pour toute personne — quelle que soit son allégeance ou préférence théorique — intéressée à étudier les conduites humaines et leurs transformations tout au long de la vie. Il constitue un outil de travail indispensable à tous ceux, étudiants, enseignants, praticiens qui s’intéressent à la psychologie de l’apprentissage.",9782402104142
La psychologie et ses fantômes,Alain Tête,"Longtemps on a écrit des histoires de la psychologie dans l'idiome lockien, comme si la discipline ne pouvait s'exprimer que dans cette langue. Le retour récent et inopiné du fantôme cartésien, s'il a permis de mettre en œuvre le programme de la psychologie cognitive, contraint l'épistémologie à reconsidérer l'initiative de Locke fondée sur la critique de l'innéisme cartésien. Estimer que l'abandon du programme lockien constitue "" le résultat le plus important de ces deux cents années dans le domaine de la connaissance "" (J.A. Fodor, 1975), c'est du même coup affirmer que la psychologie a, dès le départ, emprunté un mauvais chemin. Cette mise en question n'a toutefois pas été le fait des psychologues eux-mêmes. A partir des années 1950, ils résisteront tous (Piaget inclus) à l'idée d'une psychologie sans sujet, sans conscience et sans monde, à celle d'un automate théorique, inobservable mais calculable. En revanche, linguistes, mathématiciens, logiciens, ingénieurs et neurologues proposeront une même problématique, celle de la simulation théorique qu'adoptera une nouvelle génération de chercheurs : les psychologues cognitivistes. Mais à son tour est abandonné le dualisme cartésien qui inspirait naguère le mind body problem cognitiviste. S'élabore, sous nos yeux, un objet spécifique distinct du champ neuronal et du champ représentationnel. On peut sans doute enfin annoncer la disparition des fantômes de Locke et de Descartes.",N/A
Esquisse d'une psychologie,Sigmund FREUD,"Freud a commencé à écrire Esquisse d'une psychologie. Entwurf einer Psychologie en 1895, dans le train qui le ramenait de Berlin où il avait rencontré son ami Wilhelm Flie?. Ce texte est un document incontournable qui jette la base de toute élaboration théorique de la psychanalyse. On en trouve trace dans toute l'œuvre de Freud, bien que lui-même n'y fasse jamais référence. Cette édition bilingue a fait l'objet d'un travail collectif de longue haleine. Elle devrait permettre au lecteur francophone d'aborder dans des conditions convenables ce texte fondamental.",9782749259086
Psychologie sociale,"Thierry Meyer, Patricia Delhomme","La collection HU psycho propose des ouvrages qui permettent de s'initier aux différentes disciplines de la psychologie et d'acquérir les connaissances de base : la discipline, son histoire, ses courants, ses méthodes, les notions principales à connaître sont exposés dans un langage simple, et illustrés par de nombreux exemples concrets.",9782011167248
Dictionnaire de psychologie,Norbert Sillamy,"Largement actualisé, ce dictionnaire présente à travers plus de 1000 articles : 900 concepts fondamentaux, définis et expliqués, qui recouvrent les secteurs de recherche les plus variés : psychologie clinique, psychologie expérimentale, neuropsychologie, psychanalyse, psychologie de l'enfant, psychiatrie... 100 monographies de psychologues, pédagogues, psychanalystes, médecins, neurologues... Plusieurs schémas et illustrations explicitant les concepts essentiels. A la fois théorique et pratique, cet ouvrage offre les bases d'une initiation à la psychologie et une référence sérieuse, documentée, adaptée aux exigences des spécialistes et aux besoins du grand public.",9782035902610
Psychologie du cancer,Gustave-Nicolas Fischer,"Que sait-on vraiment des liens entre psychisme et cancer ? Aucun livre à ce jour n’a abordé cette question en termes aussi directs. Ici, l’auteur ose s’atteler à la dimension psychologique d’un mal multifactoriel. Il fait pour la première fois la synthèse des études scientifiques qui ont cherché à comprendre comment le stress, la gestion des émotions ou l’optimisme pouvaient changer la donne, tant dans la survenue de cette maladie que dans sa guérison. Il montre aussi comment la psychologie offre un regard particulier et bénéfique sur les parcours des malades. Ainsi, cette recherche, à la fois rigoureuse et profondément humaniste, apporte des réponses aux interrogations qui nous hantent : un cancer peut-il être provoqué par des facteurs psychologiques ? Quels sont les impacts psychiques induits par cette maladie ? Enfin, quelles sont les ressources intérieures qui aident les malades à supporter leur état et favorisent la guérison ? Gustave-Nicolas Fischer est psychologue spécialiste en psychologie de la santé. Professeur honoraire en psychologie sociale, il exerce actuellement à Montréal et à Genève. Il a publié de nombreux ouvrages de référence, notamment sur les liens entre corps et esprit, dont Les Blessures psychiques.",9782738128898
Vivre heureux,Christophe André,"Extrait de la 4e de couv. : ""Nous avons parfois du mal à nous sentir heureux... Où chercher alors le bonheur ? Et surtout, peut-on apprendre à être heureux ? Ce livre très concret vous permet de faire le point sur vos aptitudes au bonheur, et vous offre toutes les clés pour bâtir peu à peu une vie plus heureuse. Faites-vous confiance : vous pouvez être heureux !""",9782738112552
Histoire de la psychologie,Jean-François Marmion,"Du ""Grand Renfermement"" des fous par Louis XIV à l'avènement de la psychologie positive en passant par l'hypnose, la méthode Coué, les neurosciences et les électrochocs de Milgram, l'histoire de la psychologie court sur plusieurs siècles et regorge d'explorations pionnières, d'intuitions héroïques, de thérapies bigarées, d'expérimentations sordides, de lieux communs infondés et d'authentiques coups de théâtre rocambolesques. En 101 dates clefs, Jean-François Marmion nous conte cette saga tumultueuse, improbable parfois, extravagante souvent et finalement... un peu folle.",9782361067106
"Psychologie: ou, traité sur l'ame, contenant les connoissances que nous en donne l'expérience",Christian Wolff,"This work has been selected by scholars as being culturally important, and is part of the knowledge base of civilization as we know it. This work was reproduced from the original artifact, and remains as true to the original work as possible. Therefore, you will see the original copyright references, library stamps (as most of these works have been housed in our most important libraries around the world), and other notations in the work. This work is in the public domain in the United States of America, and possibly other nations. Within the United States, you may freely copy and distribute this work, as no entity (individual or corporate) has a copyright on the body of the work. As a reproduction of a historical artifact, this work may contain missing or blurred pages, poor pictures, errant marks, etc. Scholars believe, and we concur, that this work is important enough to be preserved, reproduced, and made generally available to the public. We appreciate your support of the preservation process, and thank you for being an important part of keeping this knowledge alive and relevant.",9780270377194
The pedagogical seminary and journal of genetic psychology,Inconnu,"An international record of educational literature, institutions and progress.",N/A
La psychologie de l effort et les doctrines contemporaines,Alexis Bertrand,"La psychologie de l'effort et les doctrines contemporaines / par Alexis Bertrand,...Date de l'edition originale : 1889Ce livre est la reproduction fidele d'une oeuvre publiee avant 1920 et fait partie d'une collection de livres reimprimes a la demande editee par Hachette Livre, dans le cadre d'un partenariat avec la Bibliotheque nationale de France, offrant l'opportunite d'acceder a des ouvrages anciens et souvent rares issus des fonds patrimoniaux de la BnF.Les oeuvres faisant partie de cette collection ont ete numerisees par la BnF et sont presentes sur Gallica, sa bibliotheque numerique.En entreprenant de redonner vie a ces ouvrages au travers d'une collection de livres reimprimes a la demande, nous leur donnons la possibilite de rencontrer un public elargi et participons a la transmission de connaissances et de savoirs parfois difficilement accessibles.Nous avons cherche a concilier la reproduction fidele d'un livre ancien a partir de sa version numerisee avec le souci d'un confort de lecture optimal. Nous esperons que les ouvrages de cette nouvelle collection vous apporteront entiere satisfaction.Pour plus d'informations, rendez-vous sur www.hachettebnf.frhttp://gallica.bnf.fr/ark:/12148/bpt6k5500688m",9782012825536
"International directory of psychologists, exclusive of the u.s.a.","Kurt Pawlik, International Union of Psychological Science","Divided geographically by country. Each section includes includes societies/associations of psychology in a given country, as well as the historical development and current state of psychology, the current major research programs, and a brief account of academic training in psychology and the legal status of psychology as a profession in each country. Finally, each country entry includes a directory of psychologists within its borders, including address and area of specialization.",N/A
La foule criminelle,Scipio Sighele,"La foule criminelle: essai de psychologie collective / Scipio Sighele; traduit de l'italien par Paul VignyDate de l'edition originale: 1892Collection: Bibliotheque de philosophie contemporaineCe livre est la reproduction fidele d'une oeuvre publiee avant 1920 et fait partie d'une collection de livres reimprimes a la demande editee par Hachette Livre, dans le cadre d'un partenariat avec la Bibliotheque nationale de France, offrant l'opportunite d'acceder a des ouvrages anciens et souvent rares issus des fonds patrimoniaux de la BnF.Les oeuvres faisant partie de cette collection ont ete numerisees par la BnF et sont presentes sur Gallica, sa bibliotheque numerique.En entreprenant de redonner vie a ces ouvrages au travers d'une collection de livres reimprimes a la demande, nous leur donnons la possibilite de rencontrer un public elargi et participons a la transmission de connaissances et de savoirs parfois difficilement accessibles.Nous avons cherche a concilier la reproduction fidele d'un livre ancien a partir de sa version numerisee avec le souci d'un confort de lecture optimal. Nous esperons que les ouvrages de cette nouvelle collection vous apporteront entiere satisfaction.Pour plus d'informations, rendez-vous sur www.hachettebnf.frhttp: //gallica.bnf.fr/ark: /12148/bpt6k55096410",9782012821675
Le guide des masters et des troisièmes cycles,"Yaël Didi, Violaine Miossec","Préparés à l'université, en écoles de commerce ou d'ingénieurs, les troisièmes cycles proposés aux étudiants sont particulièrement nombreux. Cet ouvrage recense toutes les formations possibles et délivre de nombreux conseils pour choisir celle qui convient. Avec également des informations pour préparer le dossier de candidature et l'entretien d'admission.",9782846248273
Histoire illustrée de l’informatique,"Emmanuel Lazard, Pierre Mounier-Kuhn","Comment fut inventé l’ordinateur ? Comment notre monde s’est-il numérisé ? Qui sont les héros de cette aventure ? Comment s’inscrit-elle dans l’évolution de l’humanité ? Connaître l’histoire de l’informatique relève désormais de la culture générale. De la machine d’Anticythère au cyberespionnage et aux Big Data, des cartes perforées à l’Internet, des tabulatrices aux tablettes, ce livre vous propose un voyage dans le temps, une archéologie de notre environnement numérique. Laissez-vous emporter dans cette lecture fabuleuse, où chacun retrouvera ou découvrira ces merveilleuses créations de l’esprit humain.",9782759829545
"Le guide des masters, ms et mba","Hobsons,","Présentation de tous les 3e cycles préparés en France, les Masters recherche ou professionel, MS, DRT ou MBA, qui aide l'étudiant à faire son choix parmi les formations offertes après un bac +4 ou un bac +5 et lui donne toutes les pistes pour réussir son admission. Intègre les fusions issues de la réforme LMD.",9782914077460
Glossaire des termes officiels de l'informatique,"Délégation Générale à la Langue Française France, França. Délégation générale à la langue française, França. Commission ministérielle de terminologie de l'informatique, Association française de normalisation",Informatik.,9782110730213
La sécurité informatique,Martin Abadi,"Leçon inaugurale prononcée le 10 mars 2011 Chaire d’Informatique et sciences numériques Aujourd’hui, les questions de sécurité informatique sont omniprésentes, non seulement dans le renseignement militaire mais également dans la finance, le commerce, la gestion de données médicales, les réseaux sociaux et bien d’autres cadres. À partir d’un exemple de la vie courante, le spam, Martin Abadi aborde des aspects variés de l’informatique tels que les protocoles cryptographiques, les modèles de calcul et les langages de programmation. Il nous aide à comprendre les enjeux de la sécurité informatique, ses outils fondamentaux et ses difficultés, tant pratiques que scientifiques.",9782722601475
Les mots de l'informatique,Daniel Ichbiah,"Le vocabulaire de l'informatique vous semble obscur et technique, parfois même décourageant ? Pourtant, vous y êtes confronté tous les jours, ne serait-ce que par le biais des publicités qui vantent les caractéristiques des ordinateurs et les prouesses de tous les appareils numériques qui envahissent le marché... C'est décidé, on ne vous trouvera plus perplexe ou gêné devant une affiche, un catalogue ou au cours d'une conversation portant sur l'informatique ! Ce dictionnaire illustré vous offre une sympathique intrusion dans le monde de l'informatique. La seconde édition que vous avez entre les mains est augmentée de plus de 200 définitions et couvre largement la terminologie informatique. Vous y découvrirez non seulement le sens des mots le plus souvent utilisés, mais également plein d'anecdotes amusantes ou étonnantes qui viendront enrichir votre culture personnelle. L'informatique de A â Z, des définitions claires et des entrées croisées pour ne laisser aucune question en suspens, voilà bien l'outil qui vous manquait pour briller en société !",9782744020186
Le miroir automate,Gérard Chazal,"Au-delà des craintes que peut susciter l'idée d'une machine pensante, au-delà du mythe de l'automate, il s'agit ici d'engager une réflexion pour, à la fois, mieux déterminer ce que le reflet informatique de notre esprit peut nous apprendre sur nous-mêmes, et tracer les nouvelles limites qui séparent l'homme de la machine qu'il a construite.",9782876732049
Informatique,"Joëlle Delacroix, Emmanuel Waymel, François Barthélémy, Raphaël Fournier-S'niehotta, Isabelle Gil-Michalon, Amélie Lambert, Agnès Plateau, Stéphane Rovedakis, Marianne Simonot, Virginie Thion","Les quatre parties de cet ouvrage correspondent aux quatre fondamentaux de l'enseignement de l'informatique dans l'enseignement supérieur : les mathématiques pour l'informatique, l'algorithmique et la programmation, l'architecture système, et les bases de données. - La partie ""Mathématiques"" s'appuie sur les acquis de Terminale, - La partie ""Programmation"" présente les notions de base du code et utilise le langage Python, - La partie ""Architecture"" décrit le fonctionnement d'un machine connectée à Internet, - La partie ""Base de données"" explique les notions relatives au stockage et à la manipulation des données. Des encadrés ""Applications courantes"", ""Recherches en cours"", et ""Histoire de l'informatique"" complètent les chapitres.",9782100767021
Le vocabulaire de l'informatique,Maria Centrella,"Avec l'informatique et les nouvelles technologies l'homme est entre dans une 1ere logique, celle ou l'homme meurt dans un monde different de celui qui l'a vu naitre, et ou, dans l'espace allonge d'une vie, le temps s'inflechit, le progres devenant exponentiel . L'etude de Maria Centrella s'interroge sur les differentes facons par lesquelles le lexique francais a ete saisi par la revolution informatique, de celles officielles et normatives a celles de l'usage courant, par une analyse lexicologique et terminologique du vocabulaire officiel de l'informatique qui suit deux axes principaux, les deux grandes attitudes linguistiques de la norme et de l'usage. L'auteur passe ainsi, note Domenico Silvestri dans sa preface, d'un usage de la norme (la consultation des dictionnaires) a la normalite de l'usage (la presse specialisee), en mettant au centre, comme articulation interactive, une textualite tout a fait particuliere (avec la lecture continue ou decousue des guides et des manuels techniques) . Dans une sorte de radiographie ajournee qui met en lumiere cette partie importante du lexique francais contemporain, elle propose une plus large reflexion d'ordre lexicologique, voire lexiculturel, concernant la creation lexicale institutionnelle dans le domaine de l'informatique, ambitionnant de verifier si cette discipline, encore capable de susciter de grands debats, possede vraiment, en francais, une langue claire et numerique .",9782705684679
L'informatique maîtrisée dans ma pme,Jules Rémy,"Découvrez comment transformer votre PME en une machine de productivité ultra-moderne grâce à l'informatique ! Bienvenue dans le monde de la technologie, où chaque PME doit naviguer pour prospérer. Les serveurs qui plantent, les pertes de fichiers à cause de virus, les coûts apparemment sans fin... ça vous parle ? Vous n'êtes pas seuls ! L'informatique est bien plus qu'un simple coût ; c'est un investissement qui peut transformer votre entreprise. Pourtant, la gestion de l'informatique peut être un véritable casse-tête, surtout lorsque vous n'avez pas d'expert en interne pour vous guider. Notre guide révolutionnaire couvre les 6 domaines clés de la gestion de l'informatique, offrant des solutions concrètes pour que votre PME prospère sans tracas. Du pilotage financier à la gestion de la sécurité, en passant par la gestion du changement et la continuité, nous avons tout prévu. Et le meilleur dans tout ça ? Nous avons simplifié ces concepts complexes en nous appuyant sur les meilleures pratiques d'ITIL, adaptées spécialement aux besoins et aux ressources des PME. Vous serez prêt à conquérir le monde numérique en un rien de temps ! Ne laissez pas l'informatique être un obstacle. Transformez-la en votre atout secret grâce à notre guide essentiel. La réussite de votre PME n'a jamais été aussi accessible. Alors, prêt à libérer le plein potentiel de votre entreprise grâce à la puissance de l'informatique ? *** Vos commentaires *** => Le texte est fluide concis et précis. Vous aurez les bonnes questions à poser à vos fournisseurs pour éviter les zone d'ombres (Olivier P.) => Un ouvrage indispensable pour les PME en croissance. (Claveline) => Excellent petit ouvrage pour rester sur les rails de la gestion Informatique et ne pas se perdre dans la Foret touffue des nouveautés (Mennicken André Bern) * * * Ajoutez cet ouvrage à votre panier dès maintenant ! * * *",9791092108231
Créez votre site web,Mosaïque Informatique,"Cet ouvrage aborde de façon progressive la création de site web. Il vous permettra, dans un premier temps, de comprendre les techniques de création de site web. Il vous propose ensuite de construire un site dans son intégralité (choix de l'hébergeur, bases du langage XHTML, Adobe(r) Dreamweaver, éditeurs HTML gratuits...), puis d'insérer des objets dans les pages. Enfin, penchez-vous sur l’aspect commercial du site, à travers son référencement et les techniques pour gagner de l'argent avec votre site !",9782822409643
Comment être en règle avec son informatique,"Cabinet d'avocats FG associés, Christiane Féral-Schuhl, Grégoire Sainte Marie","FG Associés est un cabinet d'avocats de droit des affaires, dont la compétence est reconnue dans les secteurs de l'informatique et des technologies de l'information. Ont participé à la rédaction de ce livre : C. Féral-Schuhl, B. Grégoire Sainte Marie, G. Jenselme, M. Benaroudj, J. Heslaut, M. d'Haultfoeuille, tous avocats ou juristes de FG Associés. Devenu un bien d'équipement professionnel, au même titre que la télécopie ou la photocopieuse, l'ordinateur est - bien souvent - considéré comme un outil parmi d'autres, dont on pourrait disposer à sa guise. Mais l'informatique fait l'objet d'une protection juridique spécifique ; un responsable d'entreprise ne doit pas ignorer l'existence d'une réglementation, au demeurant peu contraignante, mais qu'il est indispensable de respecter, au risque d'engager la responsabilité civile - et parfois pénale - de l'entreprise. La présentation - volontairement didactique et pratique - de l'ouvrage, permettra à tout utilisateur de l'informatique de prendre connaissance des règles élémentaires à observer pour, le cas échéant, se mettre en conformité avec ces règles, et pour se prémunir contre les difficultés les plus couramment rencontrées.",9782307567851
Intelligence artificielle,"Stuart Russell, Peter Norvig","Cet ouvrage est LE manuel de référence en intelligence artificielle. C'est le seul ouvrage à couvrir de façon aussi complète et moderne tout le champ théorique et pratique de l’intelligence artificielle. C’est aussi le seul ouvrage à proposer une vision unifiée de l’intelligence artificielle, centrée autour de la notion d’agent intelligent. Les différents champs disciplinaires autour de l’IA sont abordés avec un très grand nombre de renvois entre les sections, ce qui constitue une richesse inestimable de l’ouvrage qui expose les connexions entre des domaines qui sont le plus souvent présentés comme indépendants. La 4e édition informe les lecteurs sur les dernières technologies, présente les concepts de manière plus unifiée et couvre de manière nouvelle ou élargie l’apprentissage automatique, l’apprentissage profond, l’apprentissage par transfert, les systèmes multi-agents, la robotique, le traitement du langage naturel, la causalité, la programmation probabiliste, le respect de la vie privée, l’équité et la sécurité.",9782326002210
Pourquoi et comment apprendre la programmation informatique,Guylain Katombe,"Vous êtes-vous déjà demandé pourquoi l'apprentissage de la programmation informatique est si impérative? Pourquoi les gens constituent-ils des communautés gigantesques à travers le monde autour des langages de programmation informatique? Pourquoi les Etats-Unis aurait charger certaines de ses célèbres institutions pour développer des langages de programmation libre et des plateforme d'apprentissage de programmation informatique? Pourquoi un tel engouement pour la programmation informatique? Etre un homme cultivé, c'est aussi s'intéresser à un sujet qui provoque un tel engouement. D'où notre question pourquoi apprendre la programmation informatique? De même il est impératif avant de se lancer dans l'apprentissage de la programmation informatique, de savoir comment l'apprendre.Dans cette ouvrage, nous vous montrerons les raisons pour lesquelles vous devez apprendre la programmation informatique et les 7 clés qui vous aideront à l'optimiser.",9798664506280
Une approche à base de connaissances pour l'enseignement de la programmation,Inconnu,"Le niveau croissant de complexité des applications à développer en informatique d'une part, l'évolution des méthodes, des logiciels et des matériels d'autre part, modifient l'activité de construction de programmes. Dans ce contexte en évolution rapide, les responsables de formation s'interrogent ; que faut-il enseigner aux futurs professionnels de l'informatique dans le domaine de la construction des programmes ? Comment faut-il enseigner ? Peut-on proposer des outils qui facilitent la tâche des élèves et des enseignants.",N/A
Les ordinateurs domestiques,Raphaël Vaillant,"Ce livre s'adresse à tous ceux, qui souhaitent connaître les principes de fonctionnement et la diversité des applications des ordinateurs, parce qu'ils pressentent l'importance que ces machines logiques - grandes ou petites - prendront dans la vie quotidienne des prochaines décennies. L'invention de l'ordinateur évoque celle de la roue : isolée, cette dernière ne sert pas à grand-chose, sauf de jouet. Mais, insérée dans une multitude de machines, elle a bouleversé l'histoire. Les capacités des ordinateurs ont d'abord été appliquées à des problèmes logiques, économiques, scientifiques, mûris pendant des siècles. Il est difficile de prévoir ce qu'elles permettront de faire une fois lâchées dans le quotidien, entre les mains de millions de gens inventifs. Raphaël Vaillant, au fil d'une longue enquête, s'est attaché à décrire les possibles que l'informatique et la télématique suggèrent, en s'appuyant sur une information très complète, et très récente. Son dossier permet à tous de comprendre un des enjeux fondamentaux de notre avenir. Les visages de l'avenir. Prospective scientifique et technique. C'est l'objet de la prospective de préparer les esprits à des éventualités, dont quelques-unes apparaissent très certaines, mais dont d'autres, si improbables qu'elles demeurent, sont importantes ou graves. « Les visages de l'avenir » ne réunit pas des prophéties - plus ou moins romanesques - jouant sur la crédulité du public, ni des essais futurologiques prétendant proposer une prévision unique et pseudo-scientifique d'un avenir déjà écrit. Elle accueille des ouvrages problématiques sur ce qui se passerait si, dans des domaines très variés, telles conditions étaient réunies. Cette collection comprend deux sections, consacrées l'une à la prospective scientifique et technologique, l'autre à la prospective sociale.",9782232145094
